Close,Close,Close,Close,Close,Close,Close,High,High,High,High,High,High,High,Low,Low,Low,Low,Low,Low,Low,Open,Open,Open,Open,Open,Open,Open,Volume,Volume,Volume,Volume,Volume,Volume,Volume,engulfing,rsi,sma_20,ema_20
ARM,CDNS,EVCM,MSFT,NKE,NKLA,NVDA,ARM,CDNS,EVCM,MSFT,NKE,NKLA,NVDA,ARM,CDNS,EVCM,MSFT,NKE,NKLA,NVDA,ARM,CDNS,EVCM,MSFT,NKE,NKLA,NVDA,ARM,CDNS,EVCM,MSFT,NKE,NKLA,NVDA,,,,
52.9900016784668,230.64999389648438,9.960000038146973,311.0192565917969,88.80268096923828,1.559999942779541,424.62274169921875,54.40999984741211,232.3800048828125,10.029999732971191,312.5206876169798,90.07384318760646,1.590000033378601,428.66220561185634,51.78900146484375,227.77000427246094,9.800000190734863,307.9368000957257,88.59413162810517,1.440000057220459,416.2338886194876,54.400001525878906,230.3300018310547,9.800000190734863,310.5320099220711,89.93481029351773,1.5399999618530273,423.2429228544315,6866700,1197000,94200,19410100,7631000,71450000,44493500,,,,
55.4900016784668,234.00999450683594,10.010000228881836,311.86444091796875,89.01123809814453,1.649999976158142,430.8319396972656,56.5,236.22000122070312,10.130000114440918,313.69402069863094,89.16020409105137,1.684999942779541,434.4014353457878,52.86000061035156,229.22999572753906,9.920000076293945,307.6981588499782,88.04794084102728,1.5,421.0932316961546,53.5,230.00999450683594,9.920000076293945,309.22941877885506,88.48489815636883,1.590000033378601,424.5427789137833,8765800,1237200,49400,19683600,16315600,71173300,42466300,,,,
53.52000045776367,234.3000030517578,10.029999732971191,313.96246337890625,94.95989227294922,1.5700000524520874,434.93133544921875,56.790000915527344,239.1199951171875,10.194999694824219,317.6614047788255,98.78331237180114,1.7000000476837158,441.38047792570734,53.08000183105469,233.1199951171875,9.930000305175781,313.19683345806027,93.96679574978117,1.5299999713897705,433.0116114328017,56.209999084472656,236.67999267578125,10.09000015258789,315.95114089832924,98.68400423482937,1.690000057220459,438.210891947939,7797500,900700,103600,24140300,34920400,75575000,39722100,,,,
52.2599983215332,236.49000549316406,10.010000228881836,319.9782409667969,93.9072036743164,1.409999966621399,447.7596435546875,54.189998626708984,237.8699951171875,10.1899995803833,320.067758169859,95.71463902162749,1.5750000476837158,451.6891064882325,51.90999984741211,234.47999572753906,9.970000267028809,313.39572240508323,93.08293932833327,1.3799999952316284,438.55086304430324,53.474998474121094,235.44000244140625,9.970000267028809,314.4895012472444,95.53588134654287,1.5299999713897705,440.2406376823148,8857100,747100,61500,20570000,12776300,61888500,43329800,,,,
51.56999969482422,228.69000244140625,9.779999732971191,311.6158752441406,94.43354797363281,1.4600000381469727,435.111328125,52.23500061035156,237.1199951171875,9.989999771118164,319.57058626053885,95.38692733592502,1.5,451.2391272658404,50.79999923706055,227.77000427246094,9.699999809265137,309.44819343011324,93.52983404660903,1.350000023841858,432.4016716151628,51.959999084472656,233.6300048828125,9.920000076293945,319.01372857216177,93.66886695845884,1.3700000047683716,448.0195602817359,4687700,1076700,90400,21033500,10964300,38895700,47085000,,,,
53.459999084472656,235.0500030517578,10.0600004196167,317.1543273925781,95.22801971435547,1.4199999570846558,440.3506164550781,53.810001373291016,235.77999877929688,10.079999923706055,318.2282303988432,95.59546813515172,1.5099999904632568,441.3704679280533,51.310001373291016,230.1699981689453,9.545000076293945,312.22241493975946,94.46333876772246,1.3300000429153442,432.8616362104786,51.970001220703125,230.92999267578125,9.779999732971191,312.25224389299933,94.92016223381455,1.5,437.3610294067515,6206500,832900,90400,20720100,8045400,46477100,36182100,,,,
52.5099983215332,234.77000427246094,10.039999961853027,317.5520324707031,95.12871551513672,1.3600000143051147,446.81976318359375,53.900001525878906,235.69000244140625,10.109999656677246,318.16854803162107,95.56568040368926,1.4199999570846558,448.9394725146489,52.09000015258789,231.10000610351562,9.899999618530273,313.1172898093677,94.62223417401674,1.3200000524520874,438.82084162431266,53.900001525878906,234.5,10.029999732971191,317.2835719121836,95.12871551513672,1.3799999952316284,440.4406183579128,2984400,808200,70200,16965600,7430000,32741500,39348300,,,,
54.08000183105469,243.9499969482422,10.229999542236328,325.4073486328125,96.4395980834961,1.399999976158142,457.5583190917969,54.209999084472656,244.8800048828125,10.300000190734863,327.3264153710813,97.03545444567577,1.409999966621399,457.82830223099313,51.54999923706055,231.83999633789062,9.989999771118164,314.5093727584194,94.40374730459713,1.281999945640564,440.2006734432822,52.720001220703125,232.8800048828125,9.989999771118164,314.75795747616866,95.12871105601094,1.2999999523162842,441.87043128043143,4004900,1415000,59200,25645500,8531200,43408800,43339700,,,,
54.25,247.33999633789062,10.170000076293945,327.95281982421875,96.211181640625,1.3799999952316284,452.6689758300781,55.79999923706055,248.72000122070312,10.199999809265137,328.43008301229565,96.4693888398922,1.3899999856948853,455.98850505140695,53.369998931884766,240.3000030517578,10.029999732971191,321.3503958375848,95.25780995493605,1.3300000429153442,443.6201776049425,54.31999969482422,241.14999389648438,10.109999656677246,322.9115149864789,96.11187351066827,1.3600000143051147,448.3595593272307,7197700,1184500,50700,19891200,5964200,27637200,40967500,,,,
55.709999084472656,249.75,9.989999771118164,326.53094482421875,96.94608306884766,1.4299999475479126,457.91827392578125,55.86000061035156,253.44000244140625,10.270000457763672,329.2255945724444,98.17752060750726,1.4500000476837158,462.5276378376784,54.20000076293945,246.17999267578125,9.979999542236328,325.81501964871524,96.55877603994081,1.3600000143051147,450.8192249240958,55.2400016784668,248.27000427246094,10.039999961853027,329.0863725699347,96.5786346361841,1.3600000143051147,453.0389268820659,5138100,1657200,74600,20557100,8499000,34727100,36858200,,,,
54.68000030517578,252.97999572753906,10.100000381469727,330.53814697265625,97.9689712524414,1.3799999952316284,467.9969177246094,56.33000183105469,253.97000122070312,10.130000114440918,330.9358764594612,98.26689565644318,1.4800000190734863,468.5268450766636,54.380001068115234,250.32000732421875,9.640000343322754,327.27671662915185,97.33339009850093,1.3700000047683716,460.43793901700354,56.16999816894531,250.32000732421875,9.640000343322754,329.3349750681917,97.63131450250272,1.4500000476837158,461.8977337109419,4454700,1227800,137800,20063200,7642900,33923500,37813700,,,,
51.849998474121094,252.1999969482422,10.109999656677246,329.2852478027344,98.56482696533203,1.2699999809265137,469.38671875,54.75,255.85000610351562,10.149999618530273,331.7412659058811,99.3593071907048,1.3899999856948853,476.0258076469913,51.40999984741211,250.6199951171875,9.949999809265137,326.85905865044316,97.83986319142502,1.25,463.2375235111337,54.75,254.36000061035156,10.109999656677246,328.6985915393673,98.85282585761153,1.3899999856948853,467.70692206526354,7323100,1085400,67400,19313100,10705200,38098600,48132500,,,,
50.779998779296875,250.25,9.90999984741211,325.87469482421875,99.22027587890625,1.2899999618530273,454.5486755371094,52.560001373291016,253.74000549316406,10.130000114440918,331.94013776769543,100.15378144545559,1.340000033378601,471.0964618717109,50.0,248.32000732421875,9.899999618530273,324.51242505744653,98.76344481711979,1.25,452.73892207921307,52.5,252.97999572753906,10.130000114440918,330.4983645863832,98.90247772228086,1.2999999523162842,469.53667469820317,6454600,1306300,62900,21072400,8774700,24897900,47411500,,,,
52.09000015258789,251.4199981689453,9.989999771118164,330.7568664550781,101.33556365966797,1.2200000286102295,460.88787841796875,52.349998474121094,252.69000244140625,10.039999961853027,334.23705218623945,101.87183665712708,1.2699999809265137,462.1876909789922,51.040000915527344,247.5,9.930000305175781,328.7284068466541,98.91240587338415,1.2000000476837158,449.05945595610416,51.040000915527344,251.94000244140625,9.930000305175781,329.17584109091655,99.03158017617218,1.2599999904632568,450.5692621798574,3316800,1502900,86200,22158000,10845400,30963700,37509900,,,,
52.290000915527344,250.02000427246094,10.140000343322754,330.1801452636719,102.29887390136719,1.1299999952316284,439.3207702636719,52.7599983215332,251.47000122070312,10.1899995803833,331.57221353900786,102.87486412045959,1.2000000476837158,447.479673842246,50.650001525878906,245.8300018310547,9.90999984741211,325.55647583192865,101.26605261888496,1.090000033378601,424.74271876568434,51.0,248.5800018310547,9.90999984741211,327.7241271710099,101.26605261888496,1.2000000476837158,439.94068179677674,2549700,1543800,109900,18338500,9253800,55195500,81233300,,,,
51.900001525878906,246.55999755859375,10.020000457763672,328.2411804199219,103.05361938476562,1.034999966621399,421.903076171875,52.70000076293945,251.3000030517578,10.109999656677246,333.69016819577126,103.18272677750848,1.0800000429153442,432.1317073023299,51.275001525878906,245.94000244140625,10.015000343322754,326.44142954429395,102.21942197038842,1.0299999713897705,418.1935851320462,52.279998779296875,248.82000732421875,10.039999961853027,330.6077117179908,102.25914673917661,1.0700000524520874,425.85255558890725,2268900,1437300,36200,23153600,8757300,42893200,62729400,,,,
49.7400016784668,245.05999755859375,9.869999885559082,329.4443664550781,102.3386001586914,1.059999942779541,420.9532470703125,52.70000076293945,250.24000549316406,10.100000381469727,334.97288822463804,103.6296210980168,1.0800000429153442,432.9116260189533,49.529998779296875,243.92999267578125,9.869999885559082,329.03668387110514,102.1399763072162,0.9539999961853027,418.76353989609333,52.0,248.60000610351562,10.0,330.269654377394,103.05362329382652,1.0199999809265137,428.0522654016917,4553400,1252100,56800,25052100,8391100,75513500,50123300,,,,
47.869998931884766,238.63999938964844,9.930000305175781,324.8206787109375,101.96121215820312,1.0199999809265137,413.814208984375,49.7400016784668,245.1300048828125,10.029999732971191,330.0409575646305,103.05361675344821,1.1399999856948853,424.6427662806148,46.5,238.02999877929688,9.789999961853027,323.60758412542964,101.86190402713079,1.0099999904632568,410.7246291515418,49.7400016784668,245.1300048828125,9.899999618530273,329.8420776608504,102.60672637526037,1.059999942779541,418.8435297628908,8079700,1361400,90800,25012600,7814600,38950600,47638100,,,,
50.209999084472656,239.9199981689453,9.989999771118164,327.4556579589844,102.1002426147461,0.9549999833106995,429.6920471191406,51.880001068115234,242.32000732421875,10.079999923706055,330.84635687792144,103.04368877917722,1.059999942779541,432.42168995654157,46.5,236.19000244140625,9.819999694824219,322.55357500174824,101.06742140750521,0.949999988079071,409.39479683117247,47.220001220703125,239.0800018310547,9.890000343322754,323.6274475443902,101.42493673219337,1.0099999904632568,412.2344101883315,9979300,1346000,62900,24374700,5966100,51624200,47853000,,,,
52.369998931884766,237.41000366210938,10.010000228881836,328.6588134765625,104.45388793945312,1.0399999618530273,436.5711364746094,52.891998291015625,243.94000244140625,10.130000114440918,329.9613949210749,104.92064449674812,1.1610000133514404,436.9110869726746,51.04999923706055,232.58999633789062,9.920000076293945,325.7454079766875,102.94438462549097,1.0299999713897705,426.85244574790164,52.0,234.69000244140625,10.069999694824219,329.42444345434967,102.94438462549097,1.0700000524520874,430.7119106789919,7211700,2591000,50300,31153600,9252200,75454100,40146300,,,,
49.439998626708984,231.02999877929688,9.8100004196167,338.7414245605469,102.82521057128906,1.0,417.7336730957031,52.790000915527344,238.1699981689453,10.010000228881836,344.24011710900174,104.31485529306927,1.0499999523162842,436.44114166667214,49.310001373291016,229.69000244140625,9.770000457763672,335.70867290431823,102.77555271653978,0.9599999785423279,415.49395439160355,52.70000076293945,237.0399932861328,9.880000114440918,343.0667742206415,103.73885751556696,1.0399999618530273,433.9214924522061,4518800,1514500,57100,55053800,7054700,63364300,39837900,,,,
50.16999816894531,230.44000244140625,9.710000038146973,326.0337829589844,99.32951354980469,1.0499999523162842,403.20562744140625,51.11000061035156,235.16000366210938,9.855999946594238,339.6959891677825,101.92149615020489,1.090000033378601,422.50301250122976,49.5,228.66000366210938,9.609999656677246,325.08914890525233,99.2599970944069,1.0,398.7462069327064,50.060001373291016,231.1699981689453,9.8100004196167,338.6121634531295,101.47460573360846,1.0,418.4735571943698,3555300,1721900,59000,37828500,11222600,37399800,54100100,,,,
49.09000015258789,230.8699951171875,9.630000114440918,327.9429016113281,97.30359649658203,1.0299999713897705,404.9454040527344,51.33000183105469,233.27999877929688,9.779999732971191,334.81378687215005,99.64729722005785,1.090000033378601,412.0044498897123,48.810001373291016,229.1199951171875,9.510000228881836,326.54088015758913,97.13476433658019,1.0299999713897705,400.09605175336065,51.2599983215332,232.7100067138672,9.739999771118164,328.55938685804716,99.09116561551019,1.0800000429153442,411.24454257705787,2611300,1428100,67800,29856500,9602700,21442400,41678400,,,,
47.900001525878906,233.72000122070312,9.569999694824219,335.4004211425781,101.09722900390625,1.0399999618530273,411.5544738769531,49.900001525878906,235.4499969482422,9.680000305175781,337.52832075875403,101.3455031344888,1.059999942779541,417.60367625627924,47.279998779296875,230.64999389648438,9.482999801635742,329.9514335466468,98.31655571069156,1.0,404.75540315928174,49.5099983215332,232.99000549316406,9.649999618530273,331.52250585752313,98.31655571069156,1.0449999570846558,410.81458344081085,3677700,1095700,56000,22828100,8206700,21286200,38802800,,,,
49.290000915527344,239.85000610351562,9.579999923706055,336.1958923339844,102.0605239868164,1.0800000429153442,407.7449951171875,49.65999984741211,240.3000030517578,9.630000114440918,337.08086847158836,102.21942306366866,1.100000023841858,408.73488236278496,47.119998931884766,233.50999450683594,9.430000305175781,332.79527047701254,100.69998663071279,1.0199999809265137,392.24708532439723,47.900001525878906,235.14999389648438,9.5,336.9317237137937,100.69998663071279,1.0399999618530273,404.4454523344302,3248700,1618800,71900,20265300,6558500,20436900,51796900,,,,
50.52000045776367,244.8800048828125,9.489999771118164,344.1108703613281,100.1835708618164,1.0499999523162842,423.19293212890625,50.52000045776367,245.72999572753906,9.673999786376953,345.4532339451178,101.96121448241408,1.100000023841858,423.7528541816087,48.29999923706055,240.35000610351562,9.354999542236328,337.72720127243366,99.27985699871586,1.0099999904632568,408.63489773171545,49.61000061035156,240.8000030517578,9.579999923706055,337.86642328392696,101.84204775310077,1.100000023841858,408.7848714041423,3066400,1582900,72400,28158800,7272400,32771300,43759300,,,,
52.81999969482422,244.47999572753906,9.670000076293945,346.34814453125,104.35458374023438,1.159999966621399,435.0013427734375,53.560001373291016,248.5399932861328,9.739999771118164,346.85523675276016,104.82134031512226,1.1699999570846558,438.7808319333312,51.29999923706055,242.1199951171875,9.609000205993652,342.8182231111307,101.18660342901877,1.0099999904632568,428.8821727539394,51.400001525878906,247.8800048828125,9.630000114440918,345.2742414901845,101.3455025084381,1.0299999713897705,433.2215839735608,4752700,1774300,72600,24348100,8135100,77175400,40917200,,,,
53.4900016784668,249.5399932861328,9.600000381469727,350.802734375,106.32090759277344,1.1399999856948853,449.9892883300781,53.86000061035156,251.0,10.039999961853027,352.38375985098565,106.90683846065677,1.2799999713897705,453.0288868607996,52.25,245.4499969482422,9.569999694824219,345.36369964809603,105.31788559502174,1.1100000143051147,437.17104058849145,52.81999969482422,245.94000244140625,9.779999732971191,347.6506972115027,105.69525953288353,1.1299999952316284,440.140641237072,2538300,1525400,316500,23624000,7563300,63838600,42385500,,,,
53.099998474121094,249.77000427246094,9.600000381469727,354.5116271972656,106.50959777832031,1.0950000286102295,457.4483337402344,54.459999084472656,250.77999877929688,9.899999618530273,355.515919141065,106.85718003194887,1.2100000381469727,459.28808203183434,52.52000045776367,247.3300018310547,9.510000228881836,351.34963695289224,105.63567560109351,1.0750000476837158,448.9294627760752,53.97999954223633,250.11000061035156,9.59000015258789,351.4490769063558,106.22159888910669,1.1799999475479126,452.78895828406155,2328300,1173000,207100,23828300,5231900,39262200,40073300,,,,
55.27000045776367,253.72999572753906,8.130000114440918,358.4889831542969,108.60503387451172,1.0299999713897705,459.488037109375,56.099998474121094,254.5500030517578,8.989999771118164,360.4080498454978,108.60503387451172,1.100000023841858,462.1176874483845,53.2599983215332,249.75999450683594,7.630000114440918,355.6054065680923,106.48974105658009,1.0099999904632568,451.5191103028531,53.45000076293945,251.1999969482422,8.989999771118164,357.3653754024581,106.57911610477544,1.100000023841858,457.12836990101715,4534200,1173800,264800,25833900,7745800,39118300,34316500,,,,
54.400001525878906,256.3999938964844,7.960000038146973,361.1438903808594,108.63482666015625,1.0199999809265137,465.67718505859375,55.560001373291016,257.4800109863281,8.368000030517578,361.810080431879,109.93578066415203,1.0499999523162842,468.6068131374567,53.38999938964844,253.41000366210938,7.800000190734863,358.50886809470023,108.14821149157177,0.9769999980926514,459.61800469246765,55.27000045776367,255.0,8.0600004196167,359.63247587502065,108.61496806370845,1.0299999713897705,460.93783401330734,6128200,1075900,170000,26767800,8639700,53058000,34671900,,,,
51.58000183105469,256.45001220703125,7.880000114440918,358.6480712890625,106.2613296508789,0.9789999723434448,469.4366760253906,52.04999923706055,259.489990234375,8.09000015258789,362.72486651861186,109.14131112872442,1.0499999523162842,482.2349374155862,49.81999969482422,255.1300048828125,7.809999942779541,358.3199224854812,106.18188010936137,0.9700000286102295,467.4369457760812,51.0,256.95001220703125,7.809999942779541,360.2489422231975,109.06186158720689,1.0299999713897705,474.6059921457788,15354500,1151000,120200,24847300,9154200,49711900,54049600,,,,
52.27000045776367,261.55999755859375,7.949999809265137,367.5772399902344,105.37747192382812,0.9660000205039978,483.28485107421875,52.5,262.4599914550781,8.109999656677246,368.0047983943206,107.08559914370406,0.9890000224113464,484.6546615176277,51.0099983215332,257.0,7.840000152587891,359.0259201844492,104.8809236658049,0.8700000047683716,472.7662496295977,52.0,258.989990234375,7.840000152587891,359.44352549012945,106.59897639559921,0.9779999852180481,474.93597054199813,5796700,1754100,93500,28042100,8897700,73116400,42124500,,,,
51.689998626708984,263.94000244140625,7.920000076293945,364.6041564941406,103.48065185546875,1.0099999904632568,486.13446044921875,52.5,265.44000244140625,8.069999694824219,366.38403150416224,104.9901627723979,1.0199999809265137,491.0937831750693,50.56999969482422,259.5799865722656,7.820000171661377,363.8285734171456,103.46079325930717,0.9300000071525574,480.92514091607296,52.20000076293945,260.6000061035156,7.820000171661377,366.1354467955765,104.64258051413294,0.9660000205039978,483.1348649232387,4525000,1174600,149200,19986500,7055600,37350200,38413600,,,,
53.43000030517578,272.6199951171875,8.199999809265137,368.173828125,105.01995086669922,1.090000033378601,496.4930419921875,53.5,272.989990234375,8.255000114440918,369.8443404235678,106.36062957518448,1.090000033378601,498.2728007585412,52.279998779296875,265.5899963378906,7.989999771118164,365.27037573082794,104.65250244810264,1.0299999713897705,490.3338689377314,53.0,268.489990234375,8.15999984741211,368.90965949460224,104.83126011434899,1.0399999618530273,496.7329998665614,3541300,1684200,217100,27683900,9674800,40404800,41695400,,,,
55.43000030517578,265.7900085449219,8.1899995803833,368.32330322265625,107.0756607055664,1.0700000524520874,488.8141174316406,56.029998779296875,274.32000732421875,8.449999809265137,371.77068990690424,108.30709820243544,1.159999966621399,499.5326738938142,54.08000183105469,264.0799865722656,8.15999984741211,365.77260134501347,105.9832561078572,1.059999942779541,481.93503978246673,54.400001525878906,273.3800048828125,8.210000038146973,369.927423387365,106.08256423915354,1.0700000524520874,499.2827075868731,5821800,2123100,173800,26860100,11140800,44597800,47549700,,,,
54.22999954223633,266.989990234375,8.029999732971191,374.7996520996094,106.86711120605469,1.0199999809265137,494.7333068847656,55.68000030517578,269.32000732421875,8.239999771118164,374.97898907452816,107.2544182212713,1.059999942779541,495.1832584466404,53.470001220703125,263.260009765625,7.920000076293945,368.83145257874895,106.26132175625953,1.0099999904632568,483.23485666338985,55.5099983215332,265.7900085449219,8.170000076293945,369.6086098764684,106.36062988741575,1.059999942779541,486.72440708842475,3291400,1696700,94000,27182300,5386800,16526100,33975600,,,,
54.9900016784668,268.2699890136719,8.390000343322754,368.5026550292969,105.22850036621094,1.0399999618530273,492.9135437011719,55.7400016784668,269.75,8.390000343322754,373.00617787573196,107.46296740914875,1.0499999523162842,497.10298121483083,54.2599983215332,266.3999938964844,8.0600004196167,365.6630314017086,104.79153549770673,1.0,490.0039323877154,55.11000061035156,267.8299865722656,8.100000381469727,372.2489368000008,107.31400142427461,1.0299999713897705,495.1732182417625,3441900,1013300,114900,40157000,6352600,20843500,32520500,,,,
58.68000030517578,270.25,8.619999885559082,376.06500244140625,105.58602142333984,0.9869999885559082,504.02203369140625,59.2400016784668,270.4599914550781,8.699999809265137,377.4897857066415,105.8144369560932,1.0199999809265137,505.4118609346684,55.27000045776367,266.6600036621094,8.329999923706055,369.6484606912348,104.37444245987666,0.9700000286102295,491.7436905315859,55.349998474121094,269.5799865722656,8.329999923706055,369.8676604556097,105.26823084085156,1.0099999904632568,493.0535114731041,7791000,1297700,117700,52465100,6197400,71439200,41412000,,,,
58.65999984741211,270.3900146484375,8.399999618530273,371.7109375,105.81443786621094,0.9359999895095825,499.3726501464844,58.900001525878906,272.69000244140625,8.640000343322754,374.84945617315594,105.96339628371702,1.0099999904632568,505.1018884085854,56.43000030517578,269.1099853515625,8.390000343322754,369.768029060882,104.62271748908596,0.9309999942779541,492.15362258357635,58.0,270.57000732421875,8.569999694824219,374.3014719500224,105.43705633726168,0.9800000190734863,501.1924120324734,5615400,972200,96000,28423100,5803500,62797000,56574700,,,,
61.7599983215332,270.3500061035156,8.84000015258789,376.4735107421875,107.17497253417969,0.9399999976158142,487.0943298339844,64.91999816894531,273.9100036621094,8.920000076293945,378.4064458173944,107.28421375539169,0.9679999947547913,503.28214970820596,59.0,270.17999267578125,8.390000343322754,373.60399762409054,106.08256789878476,0.9010000228881836,476.83570321581163,59.0,271.9100036621094,8.399999618530273,376.62295821575435,106.75787382231117,0.949999988079071,498.45278375086446,15090000,826000,140200,23345300,6280300,65198100,89942000,,,,
63.880001068115234,270.6099853515625,9.069999694824219,376.05499267578125,106.89690399169922,0.9670000076293945,477.69561767578125,64.19999694824219,270.6099853515625,9.229999542236328,376.59303393732955,107.25441932893365,1.0399999618530273,489.14405614639105,61.40999984741211,265.7200012207031,8.779999732971191,373.7733571751277,106.65856295911787,0.9390000104904175,477.3856618983961,61.5,269.1099853515625,8.779999732971191,375.9553509004722,106.75787109129969,0.9399999976158142,484.63468474953095,6004900,563700,94200,10176600,2443600,52221700,29464500,,,,
61.0,271.54998779296875,9.069999694824219,377.230712890625,107.2146987915039,0.9710000157356262,482.35498046875,63.689998626708984,273.8800048828125,9.204999923706055,379.25334681069427,107.4729060067456,0.9900000095367432,485.23456659707557,60.9900016784668,268.2099914550781,8.960000038146973,374.82951925460765,106.16201891073217,0.9440000057220459,476.4557514115033,63.04999923706055,270.7300109863281,8.960000038146973,375.40739294148256,106.91677438320207,0.9890000224113464,477.9355628839408,6681900,1085400,116300,22179200,5785000,68651800,39566200,,,,
61.91999816894531,270.7200012207031,9.15999984741211,381.3058166503906,107.9992446899414,0.996999979019165,478.1455078125,62.68000030517578,273.0,9.460000038146973,381.6047115726129,109.14130718361683,1.0099999904632568,483.1648504253439,60.790000915527344,270.2799987792969,9.050000190734863,376.78234758688643,107.40338830354881,0.9210000038146973,474.6659965974685,60.84000015258789,270.55999755859375,9.109999656677246,376.9716578397609,107.82048701635112,0.9700000286102295,482.29494210812305,4106900,985900,203800,20453100,7287400,66727400,40149100,,,,
62.209999084472656,275.2099914550781,9.260000228881836,377.4698791503906,109.60806274414062,1.0099999904632568,481.3350830078125,63.40999984741211,277.5199890136719,9.399999618530273,382.900006896324,111.37577329076112,1.059999942779541,487.5542455375894,61.689998626708984,273.3900146484375,9.170000076293945,376.06501204371676,109.38958030323698,0.9819999933242798,478.53547275887826,62.52000045776367,273.3900146484375,9.25,382.36199597526934,110.03509453952731,1.0,483.724775392069,3642400,1140400,134400,28963400,9601800,44863000,38200500,,,,
61.5,273.2699890136719,9.319999694824219,377.5296325683594,109.50875091552734,0.972000002861023,467.636962890625,63.5,279.3299865722656,9.529000282287598,378.70532652474884,109.83647458850079,1.0299999713897705,481.0351503718154,60.90999984741211,269.5799865722656,9.229999542236328,374.1021620735543,108.20779688713151,0.9599999785423279,464.15742103473957,62.58000183105469,277.6600036621094,9.300000190734863,377.1111492517042,109.76695813454205,1.0099999904632568,480.17525043898274,4833300,1955300,126700,30554400,8690900,87475800,52624700,,,,
63.900001525878906,270.3500061035156,9.729999542236328,373.14569091796875,113.07600402832031,1.0199999809265137,467.5869445800781,64.43000030517578,273.3999938964844,9.75,376.78238809250456,113.1457545177438,1.0199999809265137,471.93636420884815,60.90999984741211,268.3800048828125,8.880000114440918,369.957336174965,109.3592798290123,0.9430000185966492,461.8077250694151,61.5099983215332,272.8500061035156,9.069999694824219,375.38749429484204,109.93721679979724,0.9629999995231628,465.18727425459025,5438400,1679100,200100,33020400,8049900,37368500,36880900,,,,
61.93000030517578,263.4800109863281,9.630000114440918,367.79522705078125,114.74005889892578,1.0099999904632568,455.0386657714844,63.900001525878906,268.0799865722656,9.829999923706055,368.1738171585699,114.90945186166154,1.0499999523162842,460.7078844570094,60.79999923706055,258.0299987792969,9.489999771118164,361.5779388723323,112.59771153945411,1.0,450.0393396929435,63.900001525878906,267.55999755859375,9.649999618530273,367.75536425812913,112.67742855800034,1.0049999952316284,460.7078844570094,5012200,2172500,193100,32063300,10086600,29029300,43754300,,,,
63.59000015258789,262.17999267578125,9.420000076293945,371.16290283203125,114.99913787841797,0.9700000286102295,465.6381530761719,64.3489990234375,263.1499938964844,9.619999885559082,371.7208603257401,115.62689230792955,1.0199999809265137,465.97813346010656,60.369998931884766,257.54998779296875,9.255000114440918,364.2880455366595,114.19201635220767,0.9700000286102295,452.68874853428775,61.72999954223633,260.7200012207031,9.539999961853027,365.1150388834657,114.2518079185184,1.0099999904632568,454.63866923913076,6666900,1449400,286100,23065000,6960000,40587700,37171800,,,,
61.060001373291016,257.67999267578125,9.630000114440918,367.45648193359375,115.69664001464844,0.9819999933242798,455.0086669921875,64.69000244140625,263.45001220703125,9.760000228881836,372.8168879326677,116.72297191851042,1.0299999713897705,473.84778011184613,60.88999938964844,257.1300048828125,9.430999755859375,366.68929792205245,115.15856154420722,0.972000002861023,454.09870599101134,64.3499984741211,263.3800048828125,9.479999542236328,372.179235207606,115.58703101499005,0.9829999804496765,472.12785952472757,5434400,1757900,153900,21182100,6317000,55928000,38059000,,,,
62.439998626708984,259.4700012207031,9.569999694824219,369.5986633300781,114.4012680053711,0.753000020980835,465.9381408691406,62.970001220703125,259.6199951171875,9.65999984741211,370.09684185975533,115.58703397629087,0.843999981880188,466.2681424832635,61.20000076293945,256.95001220703125,9.510000228881836,364.98552528024254,113.71372961072055,0.75,456.018623143642,61.52000045776367,258.6300048828125,9.569999694824219,366.888570912378,113.71372961072055,0.7860000133514404,456.9785695811732,3139100,1406000,122300,23118900,7294500,264943700,35082300,,,,
67.2300033569336,259.92999267578125,10.140000343322754,372.86669921875,115.49735260009766,0.7149999737739563,475.0377197265625,67.44000244140625,261.5799865722656,10.170000076293945,373.0958418736685,115.87599702575935,0.7699999809265137,477.387615627069,62.23500061035156,257.55999755859375,9.489999771118164,366.8885570878822,114.06247670961861,0.6800000071525574,465.47817048191,62.439998626708984,257.55999755859375,9.489999771118164,367.8550246152953,114.09236869029806,0.7570000290870667,465.92816158571975,18797700,1048600,147000,20144800,6121000,258654300,35880300,,,,
64.88999938964844,268.75,9.920000076293945,369.9473571777344,118.187744140625,0.6880000233650208,466.24810791015625,67.26000213623047,270.82000732421875,10.079999923706055,370.2462825338904,118.99485807466922,0.7269999980926514,475.28769222583884,64.29000091552734,261.6000061035156,9.739999771118164,364.76631880813864,117.01194468496087,0.6620000004768372,458.2784807054221,67.26000213623047,261.6000061035156,10.0600004196167,367.1376534308522,117.37066367836576,0.7099999785423279,474.88771710025554,7625500,1840500,140200,27708800,7972800,140954900,50972800,,,,
64.70999908447266,274.2300109863281,9.949999809265137,373.0161437988281,119.21407318115234,0.7179999947547913,476.5476379394531,66.25,274.55999755859375,10.09000015258789,373.0560065931844,119.562825637856,0.7390000224113464,476.63763005306885,63.279998779296875,266.510009765625,9.6899995803833,369.11041092479064,118.15784928306887,0.6800000071525574,460.43837824702945,65.0,268.75,9.880000114440918,369.49900475535793,119.25393169080895,0.6919999718666077,460.43837824702945,5711700,1515200,104400,24838300,7378400,77540500,37238700,,,,
65.61000061035156,276.57000732421875,10.260000228881836,373.00616455078125,120.7386245727539,0.800000011920929,480.8574523925781,66.5,278.20001220703125,10.279999732971191,376.26427139499,121.00766761128104,0.8220000267028809,485.9172126455148,62.75,271.5400085449219,9.949999809265137,369.4192732759839,118.77563669300909,0.6919999718666077,476.05765919508434,65.41000366210938,277.19000244140625,9.949999809265137,374.6501475165293,118.92510420305379,0.7160000205039978,476.2676713180516,7024000,1511900,148800,30955500,8182900,172697400,44779200,,,,
70.73500061035156,270.1000061035156,10.319999694824219,364.596923828125,120.58915710449219,0.9110000133514404,483.4773254394531,71.79000091552734,277.6499938964844,10.569999694824219,372.3984164677515,122.15356749207098,0.949999988079071,486.6771875764316,66.37000274658203,269.0799865722656,10.140000343322754,362.80349332125195,119.39343222818698,0.8240000009536743,474.197761861592,66.5199966430664,277.6099853515625,10.350000381469727,371.95004363783136,121.00766765320904,0.8240000009536743,483.87730057753873,11835000,1854800,197600,43277500,9590500,229426900,39123200,,,,
71.02999877929688,271.5199890136719,10.25,369.37945556640625,121.11727905273438,0.9070000052452087,488.8770751953125,71.88999938964844,273.05999755859375,10.444999694824219,371.0433547919304,121.6254579540011,0.9800000190734863,494.01684888964644,69.29000091552734,270.0799865722656,10.1899995803833,364.9456545856767,120.170656538196,0.8700000047683716,481.1774544663453,70.5,270.2300109863281,10.34000015258789,365.5135853947542,120.4994835464746,0.9580000042915344,481.91741001138655,7040100,3716500,166500,78478200,13632900,189293700,47947800,,,,
68.87000274658203,273.5,10.300000190734863,371.29241943359375,120.70873260498047,0.8199999928474426,500.7464904785156,70.09200286865234,274.6400146484375,10.420000076293945,371.6411504549793,121.40623751562428,0.9700000286102295,504.30632098491054,68.0199966430664,271.5199890136719,10.220000267028809,367.3368810395729,120.42973064072294,0.8109999895095825,491.47693645729044,69.95999908447266,271.9100036621094,10.260000228881836,368.10409536790144,120.97777564353834,0.9010000228881836,493.9768191452726,4744800,1439600,94200,21802900,6874800,183893900,41258700,,,,
69.43000030517578,274.3299865722656,10.460000038146973,371.90020751953125,122.2033920288086,0.9300000071525574,496.0167541503906,70.55000305175781,277.7799987792969,10.5600004196167,371.90020751953125,122.90089693675651,0.9350000023841858,496.97670060099404,68.80999755859375,273.80999755859375,10.300000190734863,368.4926533475945,121.20695210189251,0.8399999737739563,488.9270901920848,69.2300033569336,275.0,10.380000114440918,370.1366362454512,121.30659457413746,0.8569999933242798,494.21682022484345,3899300,1334100,95000,20603700,7697300,163476900,46444400,,,,
68.4000015258789,270.7900085449219,10.420000076293945,369.26983642578125,120.9977035522461,0.8529999852180481,481.08740234375,72.98999786376953,275.6300048828125,10.789999961853027,374.66013158980314,122.95072494390945,1.0,499.9665210107059,68.37999725341797,270.7300109863281,10.399999618530273,369.1801679421332,120.56923406923303,0.843999981880188,480.95743407943263,69.5,273.7799987792969,10.4399995803833,373.63388506840477,120.69876852605707,0.949999988079071,496.52668004090566,8177600,1100400,109700,26316700,9176600,198697600,39789400,,,,
71.19999694824219,275.57000732421875,10.640000343322754,372.17919921875,122.09378051757812,0.8299999833106995,489.87701416015625,71.94999694824219,275.8399963378906,10.6850004196167,373.04602493656364,122.86104350277394,0.8999999761581421,490.9269832175,69.30000305175781,272.5899963378906,10.470000267028809,368.69194974756255,120.86816368992916,0.8149999976158142,484.167290543616,70.0,273.69000244140625,10.470000267028809,371.2027584205127,121.86460359635156,0.8999999761581421,488.08708957915536,5407600,852900,71100,17708000,16533300,117548400,30042500,,,,
72.29000091552734,275.82000732421875,10.760000228881836,373.2154235839844,107.6553726196289,0.8859999775886536,488.2770690917969,73.43900299072266,276.7300109863281,10.819999694824219,373.8132439163671,110.40554899772037,0.9300000071525574,493.80680831673646,71.4800033569336,269.010009765625,10.6899995803833,371.3522406997422,107.06746909864685,0.824999988079071,484.6472651019461,72.0,275.989990234375,10.6899995803833,372.3187082886128,107.87459062398719,0.8370000123977661,491.9269221894127,5760100,1845900,71900,17091100,46642900,145609900,25213900,,,,
73.41000366210938,274.9599914550781,11.109999656677246,373.2951354980469,107.63543701171875,0.8870000243186951,492.76690673828125,74.0,279.17999267578125,11.130000114440918,375.5668283527253,108.30305753704603,0.9190000295639038,495.97674771019086,71.76000213623047,274.3800048828125,10.8100004196167,372.13935767283795,107.09736614389273,0.8669999837875366,489.5770538429663,73.2699966430664,276.6400146484375,10.8100004196167,373.63389324582124,107.91444657570874,0.8999999761581421,489.65703666549206,4046600,872400,68000,12673100,12846700,95904700,24420000,,,,
74.25,274.6400146484375,11.199999809265137,372.707275390625,106.74860382080078,0.8920000195503235,494.1468200683594,74.76000213623047,277.489990234375,11.319999694824219,373.6936591040817,108.20340516349503,0.9599999785423279,496.77667099846224,73.41000366210938,273.0,11.039999961853027,371.45185582338706,106.46960186497355,0.8700000047683716,490.82696856525666,74.5,275.6099853515625,11.119999885559082,372.3286548604165,107.95429518833026,0.8970000147819519,495.0867478755757,3802000,858300,84400,14905400,10157900,112882800,23364800,,,,
77.47000122070312,273.239990234375,11.180000305175781,373.912841796875,108.4325942993164,0.8870000243186951,495.19677734375,78.3499984741211,275.2799987792969,11.350000381469727,375.08853572177384,109.01053129082518,0.9200000166893005,498.81660269735573,74.5,273.010009765625,11.067999839782715,372.79692685755396,106.42974788514752,0.871999979019165,494.09682282620895,74.79000091552734,274.55999755859375,11.130000114440918,374.00251027524166,106.8283253828168,0.8999999761581421,496.40671205497165,9176900,900300,68700,14327000,9352900,90471000,24658700,,,,
75.1449966430664,272.3699951171875,11.029999732971191,374.6700744628906,108.18348693847656,0.875,495.19677734375,78.66000366210938,274.7099914550781,11.210000038146973,375.7859893773128,109.56853788475276,0.906000018119812,499.9465545873685,74.5999984741211,270.8599853515625,11.020000457763672,372.11940311381113,107.70519240922157,0.8529999852180481,487.4871474570504,78.36000061035156,273.44000244140625,11.130000114440918,374.630211671261,108.57209791751902,0.8899999856948853,498.1066445380939,11165200,818600,72800,18723000,7660900,85113800,38869000,,,,
68.91999816894531,262.8999938964844,10.600000381469727,369.5189208984375,106.1706771850586,0.8330000042915344,481.65740966796875,73.5199966430664,269.20001220703125,10.9399995803833,374.53059546234755,107.46604452787078,0.9049999713897705,492.9269008174238,68.24299621582031,260.2799987792969,10.520000457763672,365.43385105996384,106.07102711064485,0.8019999861717224,475.9276978427075,73.5,269.1600036621094,10.90999984741211,372.49801864009765,107.22690107419109,0.875,492.4169149630152,9771000,1594400,145800,25258600,9326600,118051400,41125400,,,,
67.91000366210938,257.2799987792969,10.180000305175781,369.2499084472656,103.66960906982422,0.7400000095367432,475.6676940917969,68.5,262.0,10.670000076293945,371.90022170287017,107.09736479033194,0.8379999995231628,481.8173995731091,65.11000061035156,256.6000061035156,10.180000305175781,367.16752597637685,103.62975056118655,0.7319999933242798,473.17782063005194,67.06999969482422,260.7699890136719,10.4399995803833,367.66570447390245,105.34362842144041,0.824999988079071,474.8277371470654,7858200,1326300,103100,23083500,10573700,196242000,32089600,,,,
68.38999938964844,255.9199981689453,10.119999885559082,366.5995788574219,101.93580627441406,0.7960000038146973,479.9574890136719,69.5999984741211,259.57000732421875,10.3100004196167,371.74078437158255,103.25110665720887,0.8560000061988831,484.97724247575263,67.13999938964844,255.6199951171875,10.119999885559082,365.83239495172,101.93580627441406,0.7699999809265137,475.05769452213394,68.98999786376953,257.1099853515625,10.229999542236328,369.3196442790212,102.09523270754177,0.800000011920929,477.6475998464708,5757600,1095200,88800,20901500,10420600,149694100,30653500,,,,
67.05000305175781,252.7100067138672,9.989999771118164,366.4102783203125,101.71659088134766,0.7720000147819519,490.94696044921875,70.38999938964844,257.4200134277344,10.140000343322754,370.7045744590051,103.31089326461276,0.8159999847412109,495.4467492683494,66.5199966430664,251.94000244140625,9.979999542236328,365.1648320989654,101.53723138809075,0.7599999904632568,483.03732799632047,69.12000274658203,255.0,10.029999732971191,367.62583504860334,102.09523532167518,0.8040000200271606,484.59725234566076,7337300,1692500,107900,20987000,8039900,78692800,41456800,,,,
72.83999633789062,261.9100036621094,10.239999771118164,373.32501220703125,103.25110626220703,0.8130000233650208,522.5054931640625,73.18499755859375,262.1300048828125,10.289999961853027,373.8331640144909,103.32085675185229,0.8199999928474426,522.7254535381536,67.5199966430664,253.72000122070312,9.960000038146973,367.66571166203346,101.36783543955175,0.7429999709129333,494.76677498381866,67.76000213623047,254.89999389648438,9.960000038146973,367.9546333036372,101.71658788777806,0.7879999876022339,495.0967460611004,9303500,1980700,81300,23134000,9414200,83252800,64251000,,,,
71.87999725341797,261.75,10.039999961853027,374.4210205078125,102.37423706054688,0.7599999904632568,531.3751220703125,72.9800033569336,264.3500061035156,10.319999694824219,374.6202736719342,103.03189106843587,0.800000011920929,543.2245423454635,70.91000366210938,258.7099914550781,10.031000137329102,369.837772043359,102.13509360414788,0.753000020980835,516.8758015659237,72.80000305175781,259.5,10.15999984741211,370.6547921135484,102.80270653780484,0.7960000038146973,523.9854537310143,5982000,1135800,93400,20830000,7759500,113760900,77310000,,,,
70.7699966430664,263.260009765625,10.069999694824219,381.37554931640625,103.40056610107422,0.7770000100135803,543.4744873046875,74.37999725341797,266.2099914550781,10.170000076293945,382.7704734099731,103.46035766518433,0.7799999713897705,545.9743699509833,69.86000061035156,260.75,9.949999809265137,374.94906505562454,102.00555630905833,0.7549999952316284,534.864906118595,73.0,262.6000061035156,10.0,374.99887074193686,102.32441677612385,0.7609999775886536,536.1348050009552,7450600,1220000,99300,25514200,6784700,82650400,53379600,,,,
69.7699966430664,266.7900085449219,10.130000114440918,383.22882080078125,105.52298736572266,0.7360000014305115,548.1942749023438,71.87200164794922,268.489990234375,10.180000305175781,389.2567688504009,105.63259636335343,0.7730000019073486,553.4340805636872,68.19000244140625,261.25,9.970000267028809,378.9943032963563,103.36071459833936,0.7300000190734863,535.5748713011493,71.66999816894531,265.239990234375,10.0600004196167,384.5938251077712,103.8489680227281,0.7730000019073486,549.964211470419,6396100,1535800,103600,27850800,9537700,107625600,59675900,,,,
70.0,268.5,10.020000457763672,387.0548095703125,104.68597412109375,0.699999988079071,547.0743408203125,70.91000366210938,268.7900085449219,10.25,387.26403602898694,105.94149053163221,0.7549999952316284,549.6742556148072,69.01000213623047,265.6700134277344,10.020000457763672,383.24871848789536,104.34718820203037,0.699999988079071,543.2745310785241,70.8499984741211,267.6700134277344,10.210000038146973,384.085654728996,105.62263006571185,0.7400000095367432,546.1744196098422,4013600,1432000,54200,21645700,6680000,105141300,35247900,,,,
68.4800033569336,277.55999755859375,10.029999732971191,388.8482360839844,101.35787200927734,0.6380000114440918,563.7935791015625,70.0,278.8599853515625,10.039999961853027,392.594548140202,103.84897186163971,0.7110000252723694,568.3233350277694,67.55000305175781,268.1099853515625,9.869999885559082,386.2078961109172,100.99915302235848,0.6309999823570251,548.9742664431028,70.0,268.6000061035156,10.0,392.2259009146194,103.56996989453248,0.7070000171661377,550.1542038084857,7090300,2605100,134700,27202300,10547900,132208400,44958000,,,,
69.86000061035156,275.3900146484375,9.970000267028809,388.0511779785156,100.46107482910156,0.6330000162124634,560.5037231445312,69.95999908447266,279.6499938964844,10.039999961853027,388.6888306734322,100.94932827293466,0.6359999775886536,564.6835196496912,66.66000366210938,269.6099853515625,9.75,383.40815051863945,99.8831378371657,0.6029999852180481,547.3743344640463,68.0,277.55999755859375,9.880000114440918,386.5666157174596,100.69025936115663,0.6299999952316284,563.4435265768236,7209100,1883200,148100,22234100,8226200,56436400,47439400,,,,
74.2300033569336,279.010009765625,9.970000267028809,392.43511962890625,100.58065032958984,0.621999979019165,571.043212890625,74.80000305175781,279.6199951171875,10.180000305175781,392.55467760171996,101.0689037732794,0.6700000166893005,575.9729742526274,71.41000366210938,275.2799987792969,9.880999565124512,388.69878094646725,99.71374484194092,0.5830000042915344,561.043682087628,72.0,276.95001220703125,10.029999732971191,390.2929581989216,100.64043429348513,0.6549999713897705,572.5731093666915,11287500,1298500,81300,23392100,8852400,101970700,49165000,,,,
78.58000183105469,292.1400146484375,10.119999885559082,397.2176513671875,101.41765594482422,0.6520000100135803,594.882080078125,78.96700286865234,292.5400085449219,10.180000305175781,397.2176513671875,101.81623344153807,0.6700000166893005,594.9721027125769,74.43000030517578,280.0,9.949999809265137,392.0664723917622,99.31516706183622,0.6029999852180481,572.2231693735665,75.06999969482422,280.0,10.069999694824219,394.3182489009859,100.66035946129124,0.621999979019165,579.8628258107696,9944000,2622700,95700,29272000,8408400,78972600,54210300,,,,
77.11000061035156,295.7300109863281,10.270000457763672,395.0655517578125,100.20199584960938,0.6520000100135803,596.5120239257812,79.94000244140625,299.9599914550781,10.470000267028809,399.1605647225327,101.44754574870349,0.6880000233650208,603.2817262112128,76.5,293.6099853515625,10.220000267028809,392.15617573310635,99.73366787119267,0.6299999952316284,590.672331768599,78.58000183105469,295.9599914550781,10.220000267028809,398.562744398946,101.38776178626162,0.6399999856948853,600.4618510336633,7697400,2322600,70600,27016900,9897400,75888100,45295500,,,,
76.3499984741211,295.5400085449219,10.34000015258789,397.4468078613281,101.5372314453125,0.6499999761581421,598.701904296875,77.58999633789062,296.5899963378906,10.4399995803833,397.92507017562633,101.77637490237868,0.6919999718666077,599.0718820639266,75.45999908447266,291.0,10.220000267028809,392.49491227231,100.86961850979299,0.6299999952316284,585.8225033945589,77.0,295.79998779296875,10.359999656677246,394.3082893401539,101.2681884041588,0.6710000038146973,595.672078119088,4052500,1385900,131700,20525900,8208000,66261100,29465400,,,,
75.73999786376953,294.9100036621094,10.050000190734863,401.0934753417969,100.40129089355469,0.6930000185966492,613.5911865234375,77.66999816894531,301.6099853515625,10.475000381469727,404.15229865872726,101.43758934766001,0.7289999723434448,628.4604835153165,74.80000305175781,294.3900146484375,10.050000190734863,398.99117664666807,100.33154040155883,0.6740000247955322,599.3518648365299,77.19999694824219,297.6400146484375,10.449999809265137,400.07720213833596,101.41765629152779,0.675000011920929,603.0116661504815,6972200,1590800,79500,24867000,7879300,120999400,56027100,,,,
73.91000366210938,291.19000244140625,10.100000381469727,403.3950500488281,100.41124725341797,0.7009999752044678,616.1410522460938,79.6500015258789,298.8800048828125,10.29699993133545,405.5272686044704,101.37779519082768,0.7250000238418579,627.1605543608972,73.26000213623047,290.07000732421875,10.0600004196167,401.0635783388432,99.73366780467336,0.6809999942779541,608.4714294600998,76.48999786376953,298.6499938964844,10.1899995803833,402.84706586638293,101.16854372018743,0.7129999995231628,623.4707251739889,8817100,1395200,74200,21021200,10063700,67374700,48277700,,,,
71.16999816894531,290.7300109863281,10.079999923706055,402.45849609375,102.38420104980469,0.7080000042915344,610.2813720703125,73.88999938964844,293.3500061035156,10.260000228881836,404.69035656312957,102.90234645952668,0.7450000047683716,617.8010388886267,70.80000305175781,287.20001220703125,10.0600004196167,400.9639605180638,100.85964919943498,0.6919999718666077,605.7015697978993,73.13999938964844,289.0,10.170000076293945,402.8968956284636,101.20840164850107,0.6919999718666077,609.5713833999547,7077100,1268900,84900,17803300,9735800,84429800,39030900,,,,
72.93000030517578,294.3699951171875,10.34000015258789,408.2273864746094,103.51017761230469,0.7950000166893005,624.6207275390625,72.94999694824219,294.82000732421875,10.359999656677246,408.48644902162374,103.63971966916054,0.7950000166893005,624.8607065175925,71.19999694824219,291.0,10.100000381469727,402.8570077124404,100.97921926754981,0.6949999928474426,609.0414411716959,72.0,291.0,10.100000381469727,404.58071624855523,102.51373767825474,0.7149999737739563,612.2912887425915,4318100,966500,63700,24510200,8860800,117511800,34873300,,,,
71.97000122070312,294.6199951171875,10.069999694824219,407.10150146484375,103.80911254882812,0.7429999709129333,627.7105712890625,74.1500015258789,295.2300109863281,10.295000076293945,411.5452451544988,103.93864700334505,0.7870000004768372,634.9002367720275,70.8499984741211,292.3800048828125,10.069999694824219,404.96931330411513,102.76284757803484,0.7379999756813049,622.57079752668,73.49800109863281,293.9800109863281,10.279999732971191,410.7581450200405,102.97209905174682,0.7870000004768372,628.9705220045091,4056600,901100,77100,33477600,7542800,64773000,41073500,,,,
70.66999816894531,288.4599914550781,9.739999771118164,396.1316223144531,101.16854858398438,0.746999979019165,615.2411499023438,72.54000091552734,292.010009765625,10.0600004196167,413.8070170468435,103.92869154848377,0.7990000247955322,622.6607846529175,69.62000274658203,287.2699890136719,9.739999771118164,395.7629750712065,100.76001215087442,0.7350000143051147,606.9715184159966,70.66000366210938,291.3999938964844,9.890000343322754,405.47745630268037,103.71943246554987,0.7450000047683716,614.3711956069668,5087300,1197700,127000,47871100,11547600,99516400,45379500,,,,
70.5199966430664,290.5199890136719,9.899999618530273,402.3090515136719,101.3977279663086,0.7300000190734863,630.240478515625,72.55000305175781,291.3299865722656,10.010000228881836,406.51367951312756,101.88598139645357,0.7829999923706055,631.8803552636043,69.31999969482422,287.010009765625,9.800000190734863,400.3362535932585,100.25182054262555,0.7009999752044678,616.4711043908667,71.87000274658203,289.5,9.800000190734863,400.36614308873123,101.53722894635003,0.7730000019073486,620.9708934740116,3476100,1056000,97200,30657700,7666700,87313400,36914600,,,,
71.0,296.54998779296875,9.970000267028809,409.721923828125,100.3514633178711,0.7279999852180481,661.5689697265625,71.94999694824219,298.57000732421875,10.09000015258789,411.146707030406,101.0489758224252,0.7390000224113464,665.968787933637,70.0,290.75,9.789999961853027,402.0898256139005,99.0760214380654,0.6899999976158142,636.8701761170225,71.0999984741211,290.75,9.789999961853027,402.3389148621203,100.52085627954426,0.7279999852180481,639.7100088424377,4280100,1275900,115500,28245000,8961200,64137400,47578000,,,,
73.2699966430664,296.6499938964844,9.6899995803833,404.1722106933594,99.32513427734375,0.6790000200271606,693.2874755859375,74.27999877929688,298.3500061035156,9.930000305175781,409.6621474896679,100.23189067646626,0.7229999899864197,694.937361545793,71.5999984741211,294.05999755859375,9.670000076293945,402.5182544257179,98.697379847182,0.6620000004768372,672.0184540796995,71.98999786376953,295.69000244140625,9.890000343322754,408.4067279404744,100.1422147302575,0.7229999899864197,682.2179876850402,7258100,1164600,77500,25352300,10097900,81185500,68007800,,,,
72.9800033569336,292.79998779296875,9.729999542236328,404.0127868652344,102.24470520019531,0.7170000076293945,682.197998046875,75.44999694824219,299.7300109863281,9.819999694824219,406.4837631511439,102.2646306544703,0.7239999771118164,697.5072778844439,71.80000305175781,289.739990234375,9.649999618530273,401.4421992052691,98.77709078435961,0.6790000200271606,662.9689190649632,75.0,298.239990234375,9.670000076293945,404.40138068710013,99.14577630743256,0.6880000233650208,696.2673457798666,6899500,1123000,76600,18382600,11368600,67506400,68311100,,,,
77.01000213623047,300.7300109863281,9.75,412.5416259765625,103.42050170898438,0.6859999895095825,700.9570922851562,77.70999908447266,302.4200134277344,9.845000267028809,412.7907152400205,103.96853911159265,0.7239999771118164,702.1670574706372,72.25,294.8599853515625,9.71500015258789,405.9158576498608,101.9856257706596,0.6729999780654907,675.9682748484547,73.06999969482422,295.2699890136719,9.760000228881836,405.9557204458073,102.02548428030566,0.7200000286102295,683.157939858031,22802800,1147800,69400,22340500,9447800,59100000,49557500,,,,
113.88999938964844,307.3599853515625,9.979999542236328,412.60137939453125,103.40056610107422,0.7089999914169312,696.3773193359375,126.58499908447266,308.19000244140625,9.989999771118164,414.04610919560594,104.58633202652092,0.7300000190734863,707.9068080038953,94.0,302.2900085449219,9.720000267028809,411.0271487258644,102.68313575185171,0.6850000023841858,694.5174211968044,94.41000366210938,303.5,9.720000267028809,412.54160040751873,104.05822009065302,0.6850000023841858,700.7071333965963,106505700,1506600,59500,21225300,6330400,66372100,41442200,,,,
115.20999908447266,311.94000244140625,9.9399995803833,419.0179138183594,104.12797546386719,0.7200000286102295,721.2962036132812,117.81999969482422,313.1199951171875,10.069999694824219,419.28694966179944,104.56641147748242,0.7329999804496765,721.8161377355045,102.08999633789062,308.82000732421875,9.75,413.57781324677364,102.96214253919057,0.6940000057220459,702.0870821405521,105.98999786376953,311.0,9.789999961853027,413.7372340115969,103.4304705351462,0.7149999737739563,705.2969536383907,48096500,1580100,99800,22032800,5449000,67622600,43663700,,,,
148.97000122070312,306.5799865722656,10.140000343322754,413.7471923828125,106.79843139648438,0.7369999885559082,722.4461059570312,164.0,315.70001220703125,10.149999618530273,419.2072089505953,107.04754137757318,0.7540000081062317,746.0750029131206,118.69000244140625,305.4700012207031,9.9399995803833,413.2390406136733,104.27743960422293,0.7020000219345093,712.4665934140016,120.16000366210938,315.0,9.9399995803833,419.02787199904054,104.36711554834291,0.7200000286102295,725.9659604471091,111349700,3285800,78900,21202900,7501900,73540400,61371000,,,,
119.9800033569336,294.3299865722656,9.489999771118164,404.83978271484375,104.62619018554688,0.6840000152587891,721.2462158203125,137.5,300.4599914550781,9.9399995803833,408.57612145725096,105.42334515166336,0.7170000076293945,734.4655667736158,117.0,286.04998779296875,9.470000267028809,401.9204640083129,103.87886025565011,0.6800000071525574,696.1673744771075,128.1199951171875,290.0,9.800000190734863,403.4648051926135,104.6162236578563,0.7170000076293945,703.9669966080675,68563900,4063400,103100,27824900,6180500,58402600,60258000,,,,
126.4000015258789,300.739990234375,10.039999961853027,408.7527160644531,105.95146179199219,0.7089999914169312,738.96533203125,134.83999633789062,304.1499938964844,10.050000190734863,409.10209199271276,106.04113773849116,0.7139999866485596,742.3251597591762,121.0199966430664,298.3999938964844,9.579999923706055,403.8415914326495,104.0881163472116,0.6779999732971191,719.3462573272933,133.80999755859375,300.6499938964844,9.579999923706055,407.3352897899812,104.44683533767453,0.6899999976158142,731.9856790073508,42519600,1743000,76400,20401200,5743300,65352400,50491700,,,,
133.67999267578125,295.6700134277344,10.109999656677246,405.8280029296875,105.67245483398438,0.75,726.5459594726562,135.0,303.3299865722656,10.187000274658203,408.39338306094857,106.9578556198616,0.7609999775886536,739.715325054747,123.51000213623047,294.9200134277344,10.029999732971191,403.56210093828946,105.45323683880123,0.6930000185966492,723.9660633181978,131.0,302.3699951171875,10.140000343322754,407.40517526345513,106.63899515474972,0.7009999752044678,738.655377182341,34996600,2018400,87500,21825500,7201300,96522100,42012200,,,,
128.33999633789062,290.29998779296875,9.930000305175781,403.3324890136719,103.1415023803711,0.7400000095367432,726.095947265625,135.97999572753906,298.29998779296875,10.079999923706055,407.55488388072,104.32726076316196,0.7559999823570251,743.9851228201451,123.05000305175781,289.5,9.779999732971191,402.71361019542087,101.28812344673354,0.7250000238418579,724.9760046794784,129.5,295.79998779296875,10.0600004196167,407.2254609854372,104.25751027005661,0.753000020980835,740.9652449366281,26070600,1620900,94800,22281100,14572100,61912100,49391800,,,,
121.7699966430664,292.07000732421875,9.989999771118164,402.0647888183594,102.9322509765625,0.7059999704360962,694.4874267578125,123.80000305175781,292.69000244140625,10.100000381469727,403.7617097063283,103.47032186535068,0.8450000286102295,719.5262296968826,115.48999786376953,284.7900085449219,9.770000457763672,397.2933963831479,101.80626895559277,0.6800000071525574,677.3082403130875,123.77999877929688,289.9200134277344,9.770000457763672,402.51396031989606,102.7628504055536,0.7710000276565552,719.436207066238,21117300,1799200,71900,24307900,8759500,174330200,70483300,,,,
123.38999938964844,290.760009765625,9.720000267028809,401.45587158203125,104.89522552490234,0.703000009059906,674.6882934570312,125.5,290.9599914550781,9.920000076293945,401.56568936868905,105.14433550131986,0.7149999737739563,688.8476628410896,116.80999755859375,285.7099914550781,9.680000305175781,396.50481054244585,102.56355979470638,0.6809999942779541,662.4488778746595,117.76000213623047,288.69000244140625,9.920000076293945,399.4495112817143,102.98206273055183,0.7120000123977661,680.0280696050181,22418100,1265100,75000,18631100,8893500,76529200,69029800,,,,
128.52999877929688,305.57000732421875,9.729999542236328,410.9088134765625,104.7059097290039,0.7020000219345093,785.3431396484375,138.5,308.0,9.9350004196167,412.0866815623282,105.63259916852486,0.722000002861023,785.7131173982913,128.50999450683594,303.3500061035156,9.670000076293945,407.8343724545819,103.70946979843227,0.6800000071525574,742.1651738138547,132.8699951171875,304.5,9.75,409.45145075243494,105.42334769537283,0.718999981880188,750.2147837455526,29492400,2240500,76300,27009900,6705500,73781200,86510000,,,,
133.33999633789062,303.5299987792969,9.850000381469727,409.6011962890625,105.25394439697266,0.7639999985694885,788.1329956054688,136.0,308.260009765625,9.954999923706055,415.11124679274457,106.24042537623649,0.7649999856948853,823.9013365183499,128.86000061035156,300.54998779296875,9.720000267028809,408.23366779094334,104.8155160084219,0.6620000004768372,775.6636100941372,129.09500122070312,307.2799987792969,9.720000267028809,414.9216169054419,104.88526649766177,0.6970000267028809,807.8621112163919,20317000,1167700,49900,16295900,6947300,134300000,82938800,,,,
146.1999969482422,303.69000244140625,9.899999618530273,406.8062438964844,104.16783142089844,0.7229999899864197,790.8828735351562,149.9199981689453,307.0899963378906,9.989999771118164,411.41792083871513,105.72227528236267,0.7850000262260437,806.4221834706275,138.1750030517578,303.0,9.829999923706055,406.6265448299651,103.39060949016633,0.7110000252723694,785.0131538337564,139.0,305.0,9.829999923706055,410.7191689845332,104.93508682368356,0.7609999775886536,796.9626053551382,26547900,1015400,69100,16193500,5831500,89389000,50397300,,,,
137.9499969482422,300.010009765625,9.960000038146973,406.746337890625,104.7756576538086,0.7559999823570251,786.9730834960938,147.3300018310547,304.04998779296875,10.116000175476074,407.5848218041096,104.87530012397856,0.7620000243186951,794.7626960200453,137.0,298.2900085449219,9.829999923706055,403.1228688791387,103.61978371358404,0.7049999833106995,771.5837909424479,144.90499877929688,303.8999938964844,9.979999542236328,407.2553989143576,104.45679718792478,0.7300000190734863,793.7727522357101,17481300,804200,137100,14835800,5317400,110990300,39170500,,,,
133.86000061035156,300.5799865722656,9.819999694824219,406.98590087890625,103.97850799560547,0.7680000066757202,776.5935668945312,136.2899932861328,302.69000244140625,9.930000305175781,408.56304268349,105.06463150192933,0.7900000214576721,789.2929832413806,131.30999755859375,298.010009765625,9.65999984741211,404.59022817425557,103.33082050308944,0.7250000238418579,771.2138144312154,136.14999389648438,299.0,9.770000457763672,407.4450641188284,103.72939800634803,0.7450000047683716,776.1635943931806,9682600,752400,59500,13183100,4219800,121406400,39311000,,,,
141.0399932861328,304.3800048828125,9.789999961853027,412.895263671875,103.56000518798828,0.7440000176429749,791.0828857421875,141.22000122070312,305.7900085449219,10.029999732971191,413.4542529655189,105.19416611170216,0.7889999747276306,799.8625031907945,135.4499969482422,299.8599853515625,9.75,405.1891621664909,103.31089519837052,0.734000027179718,783.4632480590909,136.27999877929688,302.5,9.960000038146973,407.90426607674624,104.60627018527634,0.7760000228881836,790.9029015093931,10300000,1704300,101000,31947300,10811600,101054200,50728900,,,,
141.6199951171875,315.239990234375,9.880000114440918,414.75189208984375,101.87999725341797,0.7319999933242798,822.7514038085938,144.97999572753906,315.7799987792969,9.930000305175781,415.12122103068015,103.94000244140625,0.7559999823570251,822.9614159349542,139.0399932861328,303.0,9.619999885559082,410.1402152756455,101.83000183105469,0.7269999980926514,794.3127346975691,141.47999572753906,303.2300109863281,9.84000015258789,410.52949723992697,103.87000274658203,0.7419999837875366,799.9624942259578,9805300,1839800,81500,17800300,7347600,66229900,47677700,,,,
138.00999450683594,317.30999755859375,9.479999542236328,414.1729736328125,99.54000091552734,0.6959999799728394,852.3300170898438,148.47999572753906,320.7799987792969,9.880000114440918,416.59859124551787,101.7699966430664,0.7419999837875366,876.9088813228284,137.75,313.9599914550781,9.350000381469727,411.5776486918427,99.01000213623047,0.6819999814033508,837.1507363891035,145.38999938964844,315.239990234375,9.880000114440918,412.69562732176615,101.6500015258789,0.7390000224113464,841.2605289733142,14295000,1593000,143200,17596000,11050900,101248900,61561600,,,,
134.07000732421875,307.70001220703125,9.0,401.9250183105469,98.30999755859375,0.6759999990463257,859.6400146484375,136.3699951171875,316.95001220703125,9.420000076293945,413.5041384800025,99.16999816894531,0.6980000138282776,860.969970703125,130.0,304.239990234375,8.869999885559082,399.918658051461,98.0,0.6600000262260437,834.1699829101562,135.5,313.3800048828125,9.380000114440918,413.2146520985426,99.0,0.6959999799728394,852.7000122070312,9116000,1744300,176000,26919200,8670600,73819100,52063900,,,,
136.99000549316406,312.6499938964844,9.239999771118164,401.36602783203125,97.62999725341797,0.703000009059906,887.0,139.33700561523438,315.80999755859375,9.300000190734863,404.43050756631806,100.0999984741211,0.7250000238418579,897.239990234375,133.26300048828125,307.1499938964844,9.069999694824219,397.67270800992077,97.05999755859375,0.6840000152587891,870.2999877929688,138.08999633789062,311.69000244140625,9.09000015258789,402.2444482540863,100.0,0.6890000104904175,880.219970703125,9063300,1206500,70700,22344100,10045300,82961500,58252000,,,,
140.85000610351562,318.0400085449219,9.449999809265137,408.40338134765625,98.19000244140625,0.6869999766349792,926.6900024414062,146.5399932861328,319.8299865722656,9.529999732971191,409.04221322352737,98.4000015258789,0.7080000042915344,927.6699829101562,138.80999755859375,312.6499938964844,9.289999961853027,401.515780034678,97.68000030517578,0.6769999861717224,896.02001953125,140.0,316.010009765625,9.289999961853027,405.38879918961857,97.98999786376953,0.7039999961853027,901.5800170898438,14306200,1177200,62800,18718500,8133900,68259200,60811900,,,,
131.47999572753906,308.6000061035156,9.539999961853027,405.4886169433594,99.16000366210938,0.6700000166893005,875.280029296875,142.89999389648438,319.0,9.720000267028809,409.6810671817932,99.31999969482422,0.7149999737739563,974.0,131.1999969482422,308.5,9.510000228881836,403.6020051972745,98.0199966430664,0.6700000166893005,865.0599975585938,139.69000244140625,318.4599914550781,9.5600004196167,407.22547438886056,98.48999786376953,0.7009999752044678,951.3800048828125,14059600,1311700,95700,17971700,9040900,81550200,113299600,,,,
126.73999786376953,305.739990234375,9.670000076293945,403.7916564941406,101.08000183105469,0.6620000004768372,857.739990234375,130.74200439453125,307.44000244140625,9.8100004196167,404.94957158606104,101.76000213623047,0.699999988079071,887.969970703125,124.12000274658203,301.1199951171875,9.510000228881836,400.5375467926275,99.44000244140625,0.6620000004768372,841.6599731445312,126.5999984741211,306.9700012207031,9.510000228881836,403.0330455779823,99.9000015258789,0.6740000247955322,864.2899780273438,10174800,1119500,70100,16120800,8537400,79120400,67836400,,,,
129.5,311.2799987792969,9.75,414.53228759765625,100.18000030517578,0.6629999876022339,919.1300048828125,129.99000549316406,312.92999267578125,9.84000015258789,414.82177398251156,101.37000274658203,0.6800000071525574,919.5999755859375,121.37999725341797,305.6000061035156,9.59000015258789,406.05758358137246,99.6500015258789,0.6439999938011169,861.5,125.0,308.9800109863281,9.670000076293945,406.8860757637264,100.79000091552734,0.6779999732971191,880.489990234375,18220600,1357000,90900,22457000,7040900,82946600,66807500,,,,
131.27000427246094,306.2099914550781,9.510000228881836,414.3526306152344,101.36000061035156,0.6380000114440918,908.8800048828125,132.6999969482422,311.69000244140625,9.83899974822998,417.4270717612545,102.0,0.6869999766349792,915.0399780273438,125.80000305175781,303.5,9.430000305175781,410.70920842660473,100.33000183105469,0.6320000290870667,884.3499755859375,129.0,311.69000244140625,9.710000038146973,417.34722920248595,100.61000061035156,0.6679999828338623,910.5499877929688,9097600,1291400,116700,17115900,7326400,69277800,63571300,,,,
130.9600067138672,306.239990234375,9.350000381469727,424.45440673828125,100.26000213623047,0.6000000238418579,879.4400024414062,136.2899932861328,310.3900146484375,9.600000381469727,427.049731617204,102.48999786376953,0.6430000066757202,906.4600219726562,127.58999633789062,304.3399963378906,9.329999923706055,417.2374131464856,100.08999633789062,0.5820000171661377,866.0,130.1300048828125,310.0,9.470000267028809,419.4833620962516,102.19999694824219,0.640999972820282,895.77001953125,10070900,1038600,126100,34157300,8350900,95885600,60231800,,,,
126.97000122070312,298.44000244140625,8.449999809265137,415.6702575683594,99.63999938964844,0.6439999938011169,878.3699951171875,134.1999969482422,305.4100036621094,8.489999771118164,421.8391232916164,101.16000366210938,0.6470000147819519,895.4600219726562,126.12000274658203,298.1099853515625,6.21999979019165,412.04678843633377,99.33999633789062,0.6050000190734863,862.5700073242188,128.7100067138672,304.25,6.900000095367432,418.5350853170581,100.30000305175781,0.6100000143051147,869.2999877929688,8866200,2605500,858500,45049800,15194400,84075100,64019300,,,,
129.75,300.92999267578125,8.779999732971191,416.5686340332031,98.73999786376953,0.6029999852180481,884.5499877929688,132.8000030517578,303.9800109863281,9.229999542236328,419.97249807672483,99.66000366210938,0.656000018119812,924.0499877929688,127.7300033569336,300.260009765625,8.463000297546387,413.03499917711457,98.5199966430664,0.6000000238418579,870.8499755859375,128.1699981689453,300.8500061035156,8.489999771118164,413.50415417343885,98.9800033569336,0.6499999761581421,903.8800048828125,6216300,1244100,396900,20106000,7207000,75553400,66897600,,,,
124.58999633789062,311.8500061035156,8.930000305175781,420.6512756347656,99.95999908447266,0.6190000176429749,893.97998046875,127.0999984741211,312.7900085449219,9.0,420.9108172655698,100.04000091552734,0.6370000243186951,905.4400024414062,121.5199966430664,303.44000244140625,8.569999694824219,414.8018104365677,98.44000244140625,0.6000000238418579,850.0999755859375,125.5,303.75,8.779999732971191,417.0777041899726,98.5,0.6000000238418579,867.0,8135400,1997300,142600,19837900,6168900,60341700,67217100,,,,
131.3300018310547,316.8599853515625,9.109999656677246,424.4643859863281,100.2699966430664,0.6299999952316284,903.719970703125,131.97999572753906,317.1000061035156,9.15999984741211,425.1930521280505,100.44000244140625,0.6370000243186951,904.0999755859375,125.2300033569336,311.7200012207031,8.86400032043457,419.9026069427274,99.02999877929688,0.6100000143051147,882.22998046875,126.52999877929688,314.1700134277344,8.90999984741211,421.24019062236323,99.44999694824219,0.6200000047683716,897.969970703125,6861500,1297700,155400,17860100,7771700,57329500,47906300,,,,
133.60000610351562,322.79998779296875,9.039999961853027,428.596923828125,100.81999969482422,0.6499999761581421,914.3499755859375,137.0,327.3599853515625,9.1850004196167,430.04432531987857,101.91999816894531,0.675000011920929,926.47998046875,132.01400756835938,320.6499938964844,8.989999771118164,426.3909114143456,99.76000213623047,0.6290000081062317,904.0499877929688,134.6999969482422,320.8699951171875,9.15999984741211,429.0560870786449,100.44000244140625,0.6299999952316284,923.0,7568800,1907500,124400,21296200,17176000,73936400,48037200,,,,
134.14999389648438,322.739990234375,9.0600004196167,427.9680480957031,93.86000061035156,0.6620000004768372,942.8900146484375,136.10000610351562,324.2300109863281,9.095000267028809,429.0860266726897,95.16999816894531,0.6679999828338623,947.780029296875,132.5,318.57000732421875,8.774999618530273,425.30287246353544,91.72000122070312,0.625,908.3400268554688,133.80999755859375,322.75,9.050000190734863,428.9263415582329,93.8499984741211,0.6600000262260437,911.4099731445312,6991400,1751900,123600,17636500,41779000,63286600,58521500,,,,
138.30999755859375,316.2099914550781,9.25,422.0986328125,93.75,0.7440000176429749,950.02001953125,143.75,318.6499938964844,9.279999732971191,426.64045888894213,95.5199966430664,0.765999972820282,967.6599731445312,137.14999389648438,313.2099914550781,9.09000015258789,420.8508834172079,92.7699966430664,0.6600000262260437,935.0999755859375,137.15499877929688,318.6099853515625,9.09000015258789,424.47435253515715,94.06999969482422,0.6600000262260437,939.4099731445312,12928900,1305800,100400,18060500,14548800,165772600,55213600,,,,
127.95999908447266,316.010009765625,9.199999809265137,420.89080810546875,92.58000183105469,0.8140000104904175,925.6099853515625,145.0,321.3500061035156,9.399999618530273,425.2229902287253,93.86000061035156,0.8349999785423279,963.75,126.91000366210938,315.0,9.199999809265137,420.5913604440622,92.41000366210938,0.7080000042915344,925.02001953125,141.10000610351562,317.0,9.319999694824219,424.8436695491897,93.73999786376953,0.75,958.510009765625,21244500,1266800,113200,16725600,10816900,121508100,51364800,,,,
125.62000274658203,311.3399963378906,9.3100004196167,420.67120361328125,94.12999725341797,0.9089999794960022,902.5,130.86000061035156,319.3699951171875,9.399999618530273,423.685785568116,94.1500015258789,0.9440000057220459,932.4000244140625,122.83000183105469,309.30999755859375,9.210000038146973,418.25557790739515,92.31999969482422,0.7710000276565552,891.22998046875,130.0,319.239990234375,9.279999732971191,423.6757938251776,93.2699966430664,0.8199999928474426,931.1199951171875,11317900,1075900,120100,16705000,11095700,191089000,58606700,,,,
124.98999786376953,311.2799987792969,9.420000076293945,419.9624938964844,93.9800033569336,1.0399999618530273,903.5599975585938,128.32000732421875,313.010009765625,9.630000114440918,421.11041722632854,94.80999755859375,1.0800000429153442,913.0,124.16000366210938,309.3900146484375,9.329999923706055,418.3653686076167,93.43000030517578,0.9120000004768372,891.9299926757812,125.68000030517578,312.1600036621094,9.329999923706055,420.2020520278936,94.37000274658203,0.9580000042915344,900.0,7385800,1331700,150000,21871200,11331700,163835500,43521200,,,,
126.91000366210938,312.1300048828125,9.170000076293945,423.8055725097656,92.55999755859375,1.0299999713897705,903.6300048828125,128.72999572753906,313.9700012207031,9.430000305175781,427.11960218803887,93.91999816894531,1.149999976158142,922.25,124.64099884033203,308.6499938964844,9.119999885559082,421.4597975729568,91.69000244140625,0.9660000205039978,892.0399780273438,126.36000061035156,310.4599914550781,9.380000114440918,423.1866936886994,93.80999755859375,1.1399999856948853,902.989990234375,5011900,901100,148900,16316000,10360000,124897000,45244100,,,,
124.27999877929688,306.3599853515625,8.960000038146973,420.68121337890625,90.94999694824219,0.9739999771118164,894.52001953125,125.62999725341797,307.2699890136719,9.0600004196167,421.61952337638894,91.9000015258789,1.0099999904632568,900.9400024414062,121.12000274658203,303.5299987792969,8.914999961853027,417.08768896967797,90.63999938964844,0.8619999885559082,876.2000122070312,125.19999694824219,307.0,9.039999961853027,419.35359094171736,91.76000213623047,0.9549999833106995,884.47998046875,5042800,1214900,143000,17912000,11107300,189150200,43306400,,,,
125.30999755859375,310.5799865722656,8.979999542236328,419.6929931640625,90.33000183105469,0.8920000195503235,889.6400146484375,125.9800033569336,312.1700134277344,9.270000457763672,422.49793133009877,91.44000244140625,0.949999988079071,903.739990234375,122.62000274658203,304.0,8.869999885559082,418.3354259995997,90.27999877929688,0.8799999952316284,884.0,123.0,304.0,8.869999885559082,418.9742883034954,91.01000213623047,0.9300000071525574,884.8400268554688,3876000,1114800,141300,16502300,8876600,129143700,37006700,,,,
122.01000213623047,306.4800109863281,9.109999656677246,417.12762451171875,89.06999969482422,0.949999988079071,859.0499877929688,127.9800033569336,317.0899963378906,9.270000457763672,427.8982059710221,91.05000305175781,1.0299999713897705,906.3400268554688,121.81999969482422,306.0400085449219,9.020000457763672,416.8181850943987,88.88999938964844,0.9129999876022339,858.7999877929688,126.5,314.8999938964844,9.079999923706055,424.22480854865796,90.94999694824219,0.9440000057220459,904.0599975585938,5477300,1138100,189300,19370900,12110300,182851700,43496500,,,,
124.81999969482422,308.0199890136719,9.020000457763672,424.75384521484375,88.83999633789062,1.0199999809265137,880.0800170898438,125.72000122070312,310.79998779296875,9.229999542236328,425.74208344592967,90.25,1.0399999618530273,884.8099975585938,120.0199966430664,307.1199951171875,9.020000457763672,417.566827008812,88.80000305175781,0.9599999785423279,859.260009765625,122.5999984741211,309.1199951171875,9.039999961853027,419.2537866204478,89.1500015258789,0.9700000286102295,868.6599731445312,4528900,1075800,165800,16544300,9706400,113850800,39885700,,,,
129.25,311.0899963378906,9.279999732971191,423.8255310058594,90.0,1.0099999904632568,871.3300170898438,130.5,312.20001220703125,9.300000190734863,426.51069015461326,90.26000213623047,1.0800000429153442,888.2999877929688,123.38999938964844,306.20001220703125,9.079999923706055,422.53784509411093,88.80000305175781,1.0,867.3200073242188,124.81999969482422,309.04998779296875,9.079999923706055,424.4045037871678,89.11000061035156,1.059999942779541,887.0,6943900,785900,251500,14272400,8452500,47566600,28322000,,,,
126.80999755859375,311.4100036621094,9.1899995803833,425.5124816894531,91.0,1.0,853.5399780273438,135.41000366210938,313.45001220703125,9.34000015258789,426.9698444300806,91.16000366210938,1.0199999809265137,876.3499755859375,124.5,305.0400085449219,9.135000228881836,420.8608683634131,89.87000274658203,0.9679999947547913,830.219970703125,133.50999450683594,312.739990234375,9.3100004196167,425.67219726498683,90.0,1.0099999904632568,874.4199829101562,12997200,1193400,357200,12512300,7194600,44290100,50354700,,,,
125.18000030517578,304.5899963378906,8.880000114440918,422.4979248046875,89.0,0.9789999723434448,870.3900146484375,127.5999984741211,307.44000244140625,9.069999694824219,423.2665274434743,90.0999984741211,1.0099999904632568,874.0,123.8949966430664,303.010009765625,8.819999694824219,418.9443370663881,88.7699966430664,0.9520000219345093,837.0900268554688,124.98999786376953,305.54998779296875,8.970000267028809,421.42984404208823,89.9000015258789,0.9670000076293945,839.260009765625,4974500,1014000,150900,16216600,7932900,130380000,43192900,,,,
131.1300048828125,310.1000061035156,8.949999809265137,427.1595153808594,92.0,0.7170000076293945,906.1599731445312,131.1999969482422,310.7699890136719,9.029999732971191,428.5969251337308,92.41000366210938,0.9390000104904175,907.3900146484375,125.51000213623047,303.9599914550781,8.880000114440918,421.59953671611606,90.83000183105469,0.7120000123977661,869.260009765625,126.0,304.6099853515625,8.880000114440918,425.05332900537667,91.2300033569336,0.925000011920929,874.2000122070312,6139100,1287800,161900,17966400,15330200,294158500,43163700,,,,
126.33000183105469,305.8500061035156,8.75,421.140380859375,92.0,0.699999988079071,881.8599853515625,130.33900451660156,306.8900146484375,8.960000038146973,424.41447414004546,92.87000274658203,0.7889999747276306,901.75,125.37000274658203,304.0199890136719,8.699999809265137,419.01421095997443,91.12000274658203,0.699999988079071,875.2999877929688,128.99000549316406,305.54998779296875,8.890000343322754,423.2865037830765,92.01000213623047,0.7509999871253967,896.989990234375,4900000,1115200,160600,19232100,10903600,133816300,42488900,,,,
122.31999969482422,301.55999755859375,8.59000015258789,412.895263671875,93.0999984741211,0.6539999842643738,860.010009765625,126.87000274658203,310.7300109863281,8.84000015258789,426.05152602160274,93.91999816894531,0.7179999947547913,906.1300048828125,120.94999694824219,299.67999267578125,8.529999732971191,412.6856198397847,92.54000091552734,0.6420000195503235,859.2899780273438,126.19999694824219,310.5,8.819999694824219,425.83192090891185,93.58999633789062,0.7080000042915344,890.97998046875,5003300,1338000,154000,20273500,11597300,121196000,44307700,,,,
122.22000122070312,300.80999755859375,8.630000114440918,413.83355712890625,93.38999938964844,0.6650000214576721,874.1500244140625,124.23999786376953,302.0400085449219,8.710000038146973,417.64668673101346,94.19000244140625,0.7080000042915344,881.1799926757812,120.91000366210938,296.57000732421875,8.489999771118164,412.9851118792706,91.6500015258789,0.6389999985694885,860.6400146484375,122.0,298.9200134277344,8.59000015258789,413.82359584797024,93.04000091552734,0.6449999809265137,864.3300170898438,4071500,1651400,178700,16765600,10388200,82975500,37045300,,,,
107.55999755859375,293.7099914550781,8.699999809265137,411.0984802246094,94.83999633789062,0.6430000066757202,840.3499755859375,122.68199920654297,303.6300048828125,8.90999984741211,418.1258132649175,95.06999969482422,0.6880000233650208,887.75,107.01000213623047,293.6000061035156,8.670000076293945,409.5911892249672,93.66000366210938,0.6399999856948853,839.5,121.87000274658203,300.80999755859375,8.710000038146973,416.4987431987719,94.61000061035156,0.6790000200271606,883.4000244140625,19639200,1127500,220700,15855500,10181200,61513300,49540000,,,,
104.91999816894531,285.8999938964844,8.720000267028809,403.5421142578125,95.73999786376953,0.6600000262260437,846.7100219726562,107.2959976196289,296.1600036621094,8.880000114440918,411.1484202882313,95.87999725341797,0.6850000023841858,861.9000244140625,102.58000183105469,282.6000061035156,8.6899995803833,403.2227135588384,94.52999877929688,0.6399999856948853,824.02001953125,106.31999969482422,295.04998779296875,8.739999771118164,409.8906791285515,95.16000366210938,0.6499999761581421,849.7000122070312,11961200,2700400,174000,21029900,10062900,45107200,44726000,,,,
87.19000244140625,280.25,8.829999923706055,398.4013977050781,94.52999877929688,0.6439999938011169,762.0,103.01000213623047,286.6700134277344,8.84000015258789,404.7499626546947,96.22000122070312,0.6800000071525574,843.239990234375,85.61000061035156,279.6000061035156,8.680000305175781,397.05382222619716,94.48999786376953,0.6399999856948853,756.0599975585938,100.0,285.0,8.680000305175781,403.3025611287424,95.41999816894531,0.6510000228881836,831.5,29269900,2021100,131800,30276500,11237600,52402700,87190500,,,,
93.11000061035156,285.0199890136719,9.100000381469727,400.2380676269531,94.19000244140625,0.6309999823570251,795.1799926757812,94.31500244140625,287.1400146484375,9.25,402.1246793258712,95.05999755859375,0.6499999761581421,800.72998046875,89.05999755859375,281.0,8.819999694824219,395.03745670124425,93.8499984741211,0.6110000014305115,764.0,89.94000244140625,284.0,8.90999984741211,399.3596471827562,94.62999725341797,0.6470000147819519,781.0399780273438,15199500,2781600,359400,20286900,8642000,65968400,59634100,,,,
96.04000091552734,281.760009765625,9.3100004196167,406.836181640625,94.0199966430664,0.6349999904632568,824.22998046875,98.37000274658203,285.9800109863281,9.399999618530273,407.4650522060062,94.72000122070312,0.6589999794960022,827.6900024414062,95.05000305175781,275.5,9.045000076293945,402.33429210205253,93.91000366210938,0.6240000128746033,802.6400146484375,97.31999969482422,278.0,9.09000015258789,403.51216021293357,94.37000274658203,0.6340000033378601,807.6900024414062,11212400,4681900,164700,15734500,6582700,47264300,43855900,,,,
99.87999725341797,277.6600036621094,9.329999923706055,408.323486328125,94.63999938964844,0.6200000047683716,796.77001953125,103.75,284.1000061035156,9.489999771118164,411.72735028943725,95.19000244140625,0.6579999923706055,840.8200073242188,97.23999786376953,276.7200012207031,9.255000114440918,406.0475926794115,94.0999984741211,0.6200000047683716,791.8300170898438,102.0,282.4700012207031,9.319999694824219,408.82258607970806,94.0999984741211,0.6539999842643738,839.5,11697800,2329200,144500,15065300,6493200,80819000,51220800,,,,
97.93000030517578,277.0799865722656,9.180000305175781,398.321533203125,93.94000244140625,0.6000000238418579,826.3200073242188,99.66999816894531,279.5799865722656,9.380000114440918,399.1700088625431,94.79000091552734,0.6200000047683716,833.22998046875,95.5,273.489990234375,9.119999885559082,387.3313470651067,92.44000244140625,0.6000000238418579,782.22998046875,96.05000305175781,274.4700012207031,9.210000038146973,393.32054400787314,94.0,0.6200000047683716,788.6799926757812,6140800,2046500,144200,40586500,5317900,54851200,42464100,,,,
101.94999694824219,282.4100036621094,9.170000076293945,405.58843994140625,94.12000274658203,0.6430000066757202,877.3499755859375,102.30000305175781,287.44000244140625,9.350000381469727,412.25640548421114,95.41999816894531,0.6520000100135803,883.3099975585938,98.22000122070312,278.5,9.149999618530273,405.02945064216703,93.91000366210938,0.5809999704360962,833.8699951171875,101.4000015258789,278.5,9.220000267028809,411.4279132786848,94.58999633789062,0.6079999804496765,838.1799926757812,5651700,2141700,113600,29694700,6115700,73671500,55101100,,,,
103.23999786376953,282.489990234375,9.149999618530273,401.5257568359375,94.05999755859375,0.652999997138977,877.5700073242188,103.4000015258789,285.7099914550781,9.25,405.5884361925186,94.88999938964844,0.6850000023841858,879.9199829101562,99.05000305175781,280.17999267578125,9.130000114440918,398.4712687423875,93.69999694824219,0.6330000162124634,852.6599731445312,102.19999694824219,283.7699890136719,9.180000305175781,404.52035539531056,94.44000244140625,0.6499999761581421,875.9500122070312,4009200,1396300,111200,19582100,5030700,89796100,38897100,,,,
101.20999908447266,275.6300048828125,9.0,388.6289978027344,92.26000213623047,0.6209999918937683,864.02001953125,105.19400024414062,282.8399963378906,9.25,401.4359144425664,93.51000213623047,0.6399999856948853,888.1900024414062,100.8499984741211,275.3999938964844,9.0,388.4693126899027,92.25,0.6110000014305115,863.0,103.0199966430664,281.5199890136719,9.069999694824219,400.76710737423014,92.91000366210938,0.6399999856948853,872.4000244140625,3783700,1705800,136500,28781400,6493300,78793800,36370900,,,,
95.29000091552734,274.54998779296875,9.229999542236328,394.2289123535156,90.33999633789062,0.6039999723434448,830.4099731445312,100.5999984741211,280.82000732421875,9.34000015258789,400.9967037344784,91.87000274658203,0.6340000033378601,860.0,95.23999786376953,273.239990234375,9.020000457763672,389.6072438016868,90.08999633789062,0.6010000109672546,812.5499877929688,99.9800033569336,275.3599853515625,9.020000457763672,391.9030904630616,91.80999755859375,0.6150000095367432,850.77001953125,6090500,2082300,199900,23562500,9783100,72367500,55986300,,,,
98.0,276.44000244140625,9.319999694824219,397.1236877441406,92.41000366210938,0.6129999756813049,858.1699829101562,100.30000305175781,277.45001220703125,9.5,399.20992105581087,92.44999694824219,0.6290000081062317,862.3699951171875,96.12999725341797,270.3900146484375,9.25,393.9394288835304,90.91000366210938,0.6010000109672546,832.0,98.98999786376953,275.8399963378906,9.350000381469727,396.94401914412265,91.33000183105469,0.6200000047683716,844.489990234375,4117400,1643500,311400,17709400,7333300,58104100,37789800,,,,
101.69999694824219,281.6300048828125,9.5,405.9278259277344,92.1500015258789,0.6579999923706055,887.8900146484375,104.36000061035156,284.32000732421875,9.579999923706055,406.4169339510819,93.6500015258789,0.6690000295639038,892.8099975585938,100.4489974975586,279.3399963378906,9.401000022888184,401.13644988960164,91.87000274658203,0.6169999837875366,870.4000244140625,101.62000274658203,280.3900146484375,9.489999771118164,401.55570709720826,93.08999633789062,0.628000020980835,877.8900146484375,5780200,1371200,126900,17446700,5736700,106863900,39834100,,,,
106.9800033569336,285.19000244140625,9.75,412.7954406738281,93.36000061035156,0.6370000243186951,921.4000244140625,107.91999816894531,285.2200012207031,9.8100004196167,413.1847226485525,93.37000274658203,0.6800000071525574,922.2000122070312,103.59500122070312,280.2699890136719,9.5600004196167,405.63833666603693,92.4800033569336,0.6299999952316284,890.5499877929688,103.81999969482422,281.7799987792969,9.5600004196167,408.024048156178,92.80999755859375,0.6700000166893005,893.9000244140625,7489200,1013900,242700,16996600,6696300,89108400,37620300,,,,
107.80000305175781,284.0400085449219,9.970000267028809,408.6029968261719,93.77999877929688,0.6029999852180481,905.5399780273438,109.69000244140625,288.4200134277344,10.045000076293945,413.92341744357753,94.31999969482422,0.6190000176429749,917.8099975585938,106.54000091552734,283.79998779296875,9.760000228881836,408.35344694069664,93.20999908447266,0.5730000138282776,890.1099853515625,109.30000305175781,286.0,9.760000228881836,413.91342570011614,94.08000183105469,0.6050000190734863,910.97998046875,8187300,1040600,153400,20018200,7113500,158379500,43734200,,,,
106.06999969482422,282.57000732421875,9.859999656677246,409.80084228515625,93.58999633789062,0.5789999961853027,904.1199951171875,109.94000244140625,284.6099853515625,9.970000267028809,411.48780192255407,93.63999938964844,0.5950000286102295,911.9400024414062,104.6500015258789,281.3500061035156,9.8100004196167,405.97772103822234,92.7300033569336,0.5699999928474426,894.2000122070312,107.80000305175781,282.5,9.8100004196167,407.4351142805277,93.12000274658203,0.5899999737739563,894.8300170898438,15211300,1237000,148000,11792300,5372900,85638800,32572100,,,,
103.58999633789062,285.2799987792969,9.6899995803833,411.57763671875,93.38999938964844,0.5759999752044678,887.469970703125,106.9000015258789,287.2300109863281,9.960000038146973,411.97691043744567,93.9800033569336,0.5929999947547913,910.719970703125,97.76000213623047,282.25,9.649999618530273,408.363433019907,93.01000213623047,0.5730000138282776,882.3099975585938,99.2699966430664,283.04998779296875,9.859999656677246,409.8307875446534,93.63999938964844,0.5849999785423279,905.2899780273438,29441200,1001200,198800,14689700,6429800,77168500,37801300,,,,
108.83999633789062,287.4800109863281,10.09000015258789,413.9932556152344,90.94000244140625,0.5370000004768372,898.780029296875,110.37200164794922,290.5400085449219,10.3100004196167,414.6321179246016,93.13999938964844,0.5799999833106995,914.010009765625,106.19999694824219,285.2799987792969,9.762999534606934,411.05854661467066,90.87999725341797,0.5299999713897705,892.27001953125,106.19999694824219,285.70001220703125,9.899999618530273,412.1965086797442,93.06999969482422,0.5799999833106995,903.0499877929688,15281000,840600,224000,13402300,10548400,113594100,33532500,,,,
117.2300033569336,284.4599914550781,10.09000015258789,412.97509765625,92.72000122070312,0.550000011920929,903.989990234375,117.58000183105469,289.20001220703125,10.180000305175781,417.5967662074119,92.7699966430664,0.5770000219345093,909.97998046875,110.86000061035156,283.94000244140625,9.920000076293945,410.08032520369875,91.1500015258789,0.5400000214576721,885.2899780273438,114.0,289.20001220703125,10.180000305175781,417.2573820335048,91.2699966430664,0.5400000214576721,904.780029296875,16402500,1058100,134600,15440200,8792100,106227100,28968000,,,,
116.6500015258789,283.3299865722656,10.380000114440918,415.80999755859375,92.79000091552734,0.5600000023841858,913.5599975585938,117.41000366210938,285.3699951171875,10.4399995803833,416.73831581889846,94.33999633789062,0.6290000081062317,916.510009765625,114.3499984741211,282.1000061035156,10.09000015258789,410.8090081198034,92.5999984741211,0.5550000071525574,889.3400268554688,115.81999969482422,284.6000061035156,10.1899995803833,411.2781631216723,92.98999786376953,0.5889999866485596,895.989990234375,8046100,1315700,157300,15109300,7811000,128671500,29650700,,,,
113.66999816894531,293.1000061035156,10.489999771118164,423.0799865722656,91.66999816894531,0.5590000152587891,946.2999877929688,118.5,294.4200134277344,10.640000343322754,423.80999755859375,92.62000274658203,0.5720000267028809,948.6199951171875,112.51599884033203,285.82000732421875,10.319000244140625,417.2699890136719,90.8499984741211,0.546999990940094,915.989990234375,118.4000015258789,287.19000244140625,10.329999923706055,417.8999938964844,92.29000091552734,0.5699999928474426,924.719970703125,9544300,1994800,158200,22239500,15614400,51608600,41773500,,,,
114.2699966430664,288.92999267578125,10.65999984741211,420.989990234375,91.7699966430664,0.550000011920929,943.5900268554688,116.875,294.739990234375,10.739999771118164,425.4200134277344,92.83999633789062,0.5799999833106995,958.1900024414062,113.88999938964844,288.7200012207031,10.380000114440918,420.3500061035156,91.52999877929688,0.5479999780654907,941.030029296875,115.69000244140625,293.1000061035156,10.460000038146973,421.79998779296875,91.69000244140625,0.5659999847412109,949.0999755859375,6446300,1222400,110400,17530100,12711700,53240100,32395200,,,,
110.3499984741211,288.80999755859375,10.890000343322754,420.2099914550781,92.18000030517578,0.5350000262260437,924.7899780273438,115.68000030517578,290.2799987792969,10.920000076293945,422.9200134277344,92.29000091552734,0.5609999895095825,947.4000244140625,109.61000061035156,288.3900146484375,10.600000381469727,418.0299987792969,91.33999633789062,0.5339999794960022,918.0599975585938,115.5999984741211,290.0,10.710000038146973,422.5400085449219,92.01000213623047,0.5550000071525574,943.6900024414062,7523300,895800,158100,15352200,12019600,58052900,35969100,,,,
110.45999908447266,292.4700012207031,10.859999656677246,425.3399963378906,91.7699966430664,0.5270000100135803,947.7999877929688,111.33000183105469,292.6300048828125,11.029999732971191,426.7699890136719,92.69999694824219,0.550000011920929,952.0,108.69000244140625,287.29998779296875,10.84000015258789,419.989990234375,90.83000183105469,0.5099999904632568,934.4000244140625,111.0,288.739990234375,10.859999656677246,420.2099914550781,92.25,0.5339999794960022,937.5,5260800,1044900,126900,16272100,9701500,81228600,31876400,,,,
114.7699966430664,290.1000061035156,10.680000305175781,429.0400085449219,92.81999969482422,0.5379999876022339,953.8599853515625,115.77899932861328,292.9800109863281,10.819999694824219,432.9700012207031,92.8499984741211,0.5799999833106995,954.0,109.5,289.67999267578125,10.604999542236328,424.8500061035156,91.44999694824219,0.5360000133514404,931.7999877929688,110.0,292.2300109863281,10.779999732971191,426.8299865722656,91.56999969482422,0.5709999799728394,935.989990234375,10468800,1181400,106000,21453300,7809700,152842900,32894600,,,,
112.43000030517578,292.8399963378906,10.460000038146973,430.5199890136719,92.5,0.531000018119812,949.5,117.36100006103516,294.489990234375,10.880000114440918,432.4100036621094,92.76000213623047,0.5540000200271606,960.2000122070312,111.6500015258789,290.5,10.460000038146973,427.1300048828125,91.6500015258789,0.5289999842643738,932.489990234375,115.01000213623047,291.9200134277344,10.8100004196167,430.0899963378906,91.94999694824219,0.5429999828338623,954.5900268554688,8406900,1222200,182900,18073700,7611900,78567900,54864800,,,,
112.52999877929688,294.69000244140625,10.350000381469727,427.0,91.4000015258789,0.5289999842643738,1037.989990234375,117.33000183105469,301.94000244140625,10.5600004196167,433.6000061035156,92.58000183105469,0.5360000133514404,1063.199951171875,110.37999725341797,293.5,10.265000343322754,425.4200134277344,91.1500015258789,0.5130000114440918,1015.2000122070312,117.0,297.6700134277344,10.489999771118164,432.9700012207031,92.44999694824219,0.5320000052452087,1020.280029296875,8450600,1873400,128700,17211700,7729000,68016300,83506500,,,,
114.63999938964844,294.2799987792969,10.0600004196167,430.1600036621094,91.75,0.5270000100135803,1064.68994140625,115.55999755859375,297.67999267578125,10.420000076293945,431.05999755859375,92.19999694824219,0.5400000214576721,1064.75,111.5999984741211,291.0299987792969,9.770000457763672,424.4100036621094,91.48999786376953,0.5210000276565552,1030.0,112.7699966430664,293.70001220703125,10.420000076293945,427.19000244140625,91.7699966430664,0.5299999713897705,1044.489990234375,4727500,956700,195300,11845800,6936800,41306900,42650200,,,,
124.94000244140625,296.2099914550781,10.079999923706055,430.32000732421875,92.0,0.5139999985694885,1139.010009765625,125.9800033569336,297.9100036621094,10.140000343322754,430.82000732421875,92.5199966430664,0.5410000085830688,1149.3900146484375,115.31999969482422,293.07000732421875,9.979999542236328,426.6000061035156,91.3499984741211,0.5120000243186951,1098.8299560546875,115.45500183105469,293.07000732421875,10.050000190734863,429.6300048828125,91.73999786376953,0.5410000085830688,1102.43994140625,16202700,1479600,212100,15718000,10835000,80886300,65272800,,,,
120.6500015258789,291.70001220703125,9.930000305175781,429.1700134277344,91.66999816894531,0.4950000047683716,1148.25,123.69999694824219,293.010009765625,10.109999656677246,430.94000244140625,92.72000122070312,0.515999972820282,1154.9200439453125,119.05000305175781,288.44000244140625,9.890000343322754,425.69000244140625,91.37999725341797,0.492000013589859,1109.010009765625,123.69999694824219,291.7900085449219,9.890000343322754,425.69000244140625,91.68000030517578,0.5099999904632568,1130.5,8166800,1776800,112900,15517100,7237300,72818600,55744200,,,,
120.7300033569336,288.25,9.729999542236328,414.6700134277344,93.44999694824219,0.5189999938011169,1105.0,123.5,290.5,9.960000038146973,424.29998779296875,93.87999725341797,0.5230000019073486,1158.18994140625,117.7699966430664,287.3800048828125,9.680000305175781,414.239990234375,91.95999908447266,0.4959999918937683,1096.6300048828125,121.80000305175781,290.5,9.920000076293945,424.29998779296875,92.2300033569336,0.5,1146.5,6809700,2121300,114800,28424800,9310000,62454100,48735000,,,,
120.5199966430664,286.30999755859375,9.59000015258789,415.1300048828125,95.05000305175781,0.5120000243186951,1096.3299560546875,123.87999725341797,289.57000732421875,9.850000381469727,416.75,95.06999969482422,0.5299999713897705,1127.1700439453125,116.01000213623047,279.0199890136719,9.529999732971191,404.510009765625,92.97000122070312,0.5040000081062317,1069.4000244140625,119.91999816894531,287.6700134277344,9.779999732971191,416.75,93.5,0.5230000019073486,1125.199951171875,9098500,3474900,249400,47965200,12562800,54924400,61183200,,,,
