Ticker,Price,Number of Shares to Buy,Price-to-Earnings Ratio,PE Percentile,Price-to-Book Ratio,PB Percentile,Price-to-Sales Ratio,PS Percentile,EV/EBITDA,EV/EBITDA Percentile,EV/GP,EV/GP Percentile,RV Score,net_income,equity,revenue,eps,composite_score
FIS,72.44,N/A,-6.43,N/A,2.19,N/A,4.25,N/A,14.194401390364277,N/A,16.43013545048966,N/A,N/A,251000000.0,19093000000.0,76000000.0,0.42687074829932,0.7043129427624041
LYV,103.52,N/A,75.56,N/A,-1393.31,N/A,1.05,N/A,15.511436936643094,N/A,4.444513223886061,N/A,N/A,-285730000.0,-17148000.0,5838941000.0,-1.24758059942438,0.6268688704280289
APA,35.74,N/A,3.87,N/A,4.06,N/A,1.3,N/A,3.097680761746929,N/A,1.9149095609256357,N/A,N/A,1773000000.0,2655000000.0,2185000000.0,5.81311475409836,0.6181203342719713
FMC,58.74,N/A,5.59,N/A,1.66,N/A,1.63,N/A,11.538469139886578,N/A,6.00050809120699,N/A,N/A,1096300000.0,4410900000.0,1146100000.0,8.77552490654542,0.6160298940332908
ACGL,94.9,N/A,8.17,N/A,2.03,N/A,2.61,N/A,9.716511381277293,N/A,2.6112144419099312,N/A,N/A,2324000000.0,18353000000.0,3975000000.0,6.28787878787879,0.5323855112931567
PANW,269.01,N/A,41.58,N/A,19.95,N/A,11.55,N/A,92.10047577947999,N/A,15.31565528624482,N/A,N/A,1746900000.0,4357200000.0,1975100000.0,5.46589486858573,0.529569838684245
VICI,29.32,N/A,11.87,N/A,1.21,N/A,8.47,N/A,14.222782639879227,N/A,13.579411150063091,N/A,N/A,747769000.0,25255931000.0,931865000.0,0.721335278477796,0.5215611212059642
CINF,121.52,N/A,10.42,N/A,1.57,N/A,1.9,N/A,7.997040614321608,N/A,1.907213920603216,N/A,N/A,1183000000.0,12098000000.0,3356000000.0,7.53983428935628,0.5112517503656508
BIO,324.59,N/A,-14.88,N/A,1.09,N/A,3.56,N/A,17.178332062105333,N/A,6.382780389727432,N/A,N/A,349708000.0,8741133000.0,681184000.0,12.149810652121,0.5073595688045186
TEL,144.65,N/A,13.76,N/A,3.42,N/A,2.81,N/A,13.392469997209043,N/A,9.24214560862866,N/A,N/A,1803000000.0,13136000000.0,3831000000.0,5.79742765273312,0.5068627064167629
VRSN,187.82,N/A,23.77,N/A,-11.99,N/A,12.69,N/A,18.96701253948502,N/A,15.291586664608737,N/A,N/A,264700000.0,-1581000000.0,380400000.0,2.59764474975466,0.504043443424731
CPT,96.62,N/A,26.26,N/A,2.11,N/A,6.82,N/A,15.548974616888616,N/A,9.061293680979645,N/A,N/A,221977000.0,4980757000.0,387587000.0,2.04214428968334,0.5016074474265947
ETR,104.23,N/A,9.39,N/A,1.52,N/A,1.83,N/A,10.777395022967793,N/A,5.796183784732882,N/A,N/A,987602000.0,14622647000.0,2724805000.0,4.65804816932758,0.5005620412006214
DAL,46.06,N/A,6.42,N/A,2.67,N/A,0.5105,N/A,5.250687207999083,N/A,0.7893036207449008,N/A,N/A,2037000000.0,11105000000.0,14223000000.0,3.18779342723005,0.5005258943925087
V,277.14,N/A,31.93,N/A,11.5,N/A,13.14,N/A,19.017757294594826,N/A,13.35593869311265,N/A,N/A,4890000000.0,39733000000.0,8634000000.0,2.66050054406964,0.4946488040263846
SPG,150.15,N/A,21.51,N/A,16.4,N/A,8.64,N/A,16.37379981740428,N/A,12.860972545944078,N/A,N/A,747480000.0,3022834000.0,1527438000.0,2.29340188510836,0.49373546107283756
CME,211.08,N/A,23.82,N/A,2.84,N/A,13.62,N/A,18.700632234407127,N/A,13.6937071472871,N/A,N/A,804300000.0,26737900000.0,1439300000.0,2.23914877268589,0.49361439449743344
FANG,204.32,N/A,11.78,N/A,2.19,N/A,4.33,N/A,6.666262636078431,N/A,5.052000036257727,N/A,N/A,951000000.0,16625000000.0,2228000000.0,5.31989281898379,0.4935203514425031
NVDA,880.08,N/A,73.77,N/A,51.19,N/A,36.12,N/A,63.33889211136891,N/A,49.29741992280084,N/A,N/A,12286000000.0,42978000000.0,22103000000.0,4.9841784989858,0.49321923314328336
EG,379.86,N/A,6.23,N/A,1.25,N/A,1.13,N/A,7.646832631090487,N/A,1.1296993432508398,N/A,N/A,805000000.0,13202000000.0,3623000000.0,18.7645687645688,0.49256433380807474
WMB,39.23,N/A,15.09,N/A,3.87,N/A,4.38,N/A,10.582326984145626,N/A,7.989228794857586,N/A,N/A,1137000000.0,12402000000.0,2784000000.0,0.934228505554839,0.49106460539959684
CE,162.62,N/A,9.07,N/A,2.56,N/A,1.66,N/A,20.23008049730458,N/A,11.533399714944295,N/A,N/A,698000000.0,7091000000.0,2569000000.0,6.40624891584792,0.49045932858741165
PARA,11.97,N/A,-12.84,N/A,0.3672,N/A,0.279,N/A,10.056467816748768,N/A,0.6884739534601376,N/A,N/A,514000000.0,22526000000.0,7638000000.0,0.785932721712538,0.49044911261190083
BBWI,45.49,N/A,11.88,N/A,-6.29,N/A,1.38,N/A,8.709486787001287,N/A,4.182491491656366,N/A,N/A,579000000.0,-1627000000.0,2912000000.0,2.53947368421053,0.4899662281146342
MSCI,542.39,N/A,37.69,N/A,-58.09,N/A,16.99,N/A,30.930690164843586,N/A,22.578505609797443,N/A,N/A,403380000.0,-739764000.0,690106000.0,5.099685204617,0.4880961142972044
DVN,53.27,N/A,9.12,N/A,2.8,N/A,2.22,N/A,5.277659431939979,N/A,2.5817571110237254,N/A,N/A,1163000000.0,12061000000.0,4145000000.0,1.82861635220126,0.48788454375523865
PSA,282.57,N/A,,N/A,,N/A,,N/A,,N/A,,N/A,N/A,528259000.0,10065944000.0,1119770000.0,3.01029723507556,0.48711896415347367
CB,252.9,N/A,11.6,N/A,1.73,N/A,2.06,N/A,10.341837509266721,N/A,2.0644166641600483,N/A,N/A,3300000000.0,59507000000.0,11164000000.0,8.10613538943967,0.4871183241755763
APTV,74.73,N/A,7.27,N/A,1.76,N/A,1.02,N/A,14.642180115610328,N/A,7.25509593399244,N/A,N/A,905000000.0,11548000000.0,4919000000.0,3.21903677882905,0.4857416943596073
HD,357.87,N/A,23.68,N/A,339.71,N/A,2.32,N/A,16.214014230522945,N/A,7.751291496938776,N/A,N/A,2801000000.0,1044000000.0,34786000000.0,2.82929292929293,0.48572055268151165
EQR,61.79,N/A,29.01,N/A,2.12,N/A,8.16,N/A,17.520647986206246,N/A,10.737944660406324,N/A,N/A,310920000.0,11085828000.0,727500000.0,0.819815639040648,0.4850463251655969
MA,477.15,N/A,40.33,N/A,63.77,N/A,17.61,N/A,29.217015996416006,N/A,17.86454408642123,N/A,N/A,2791000000.0,6929000000.0,6548000000.0,2.98183760683761,0.4848610806605244
GRMN,147.53,N/A,21.99,N/A,4.03,N/A,5.41,N/A,20.732605250556812,N/A,8.76048138158475,N/A,N/A,542127000.0,7012060000.0,1482502000.0,2.83299192107106,0.4846134986493918
EOG,135.94,N/A,10.46,N/A,2.78,N/A,3.25,N/A,5.810484151935166,N/A,3.1844183412062597,N/A,N/A,1988000000.0,28090000000.0,6357000000.0,3.42168674698795,0.4842282247160367
EBAY,52.06,N/A,10.03,N/A,4.22,N/A,2.67,N/A,13.086177370030581,N/A,3.527281219947795,N/A,N/A,724000000.0,6396000000.0,2562000000.0,1.39230769230769,0.48338399958502887
IPG,31.46,N/A,11.04,N/A,3.02,N/A,1.09,N/A,7.281585515071784,N/A,1.1690738574564021,N/A,N/A,463200000.0,3942600000.0,3023300000.0,1.21479150275374,0.48094556545947204
MO,41.65,N/A,9.11,N/A,-20.21,N/A,2.92,N/A,7.800210625103631,N/A,5.151171122912674,N/A,N/A,2055000000.0,-3540000000.0,5975000000.0,1.16298811544992,0.4807818902613725
DHR,244.28,N/A,38.29,N/A,3.38,N/A,7.57,N/A,26.25381929913138,N/A,13.783535741484965,N/A,N/A,1079000000.0,53486000000.0,2693000000.0,2.35837097109804,0.48055824840600536
VRTX,406.67,N/A,29.28,N/A,5.98,N/A,10.65,N/A,21.01141975984673,N/A,10.95806448448937,N/A,N/A,968800000.0,17580400000.0,2517700000.0,3.75941016686069,0.47946816321924435
ANET,297.6,N/A,45.23,N/A,12.89,N/A,15.88,N/A,37.52236993114148,N/A,24.24930602644809,N/A,N/A,613636000.0,7219059000.0,1540437000.0,1.96924360578929,0.4791939576332602
TSLA,164.9,N/A,38.35,N/A,8.38,N/A,5.53,N/A,42.59924706271244,N/A,31.588401980718338,N/A,N/A,7927000000.0,62634000000.0,24734000000.0,2.4904178448005,0.4790431372281059
FSLR,174.6,N/A,22.56,N/A,2.79,N/A,5.63,N/A,14.361079153778958,N/A,13.182848799742288,N/A,N/A,349239000.0,6687469000.0,1158553000.0,3.2686814421025,0.4790023657183527
PAYX,122.38,N/A,26.66,N/A,11.76,N/A,8.45,N/A,18.589767160217185,N/A,11.537996114365187,N/A,N/A,498600000.0,3747100000.0,1439300000.0,1.3853848291192,0.4787197073694062
WYNN,107.46,N/A,16.61,N/A,-47.91,N/A,1.84,N/A,12.36667228260635,N/A,7.0943668272675895,N/A,N/A,729156000.0,-251382000.0,1840460000.0,6.53055448577289,0.4786628879753403
AAPL,169.58,N/A,26.41,N/A,35.34,N/A,6.79,N/A,20.395008646442598,N/A,15.2793165236568,N/A,N/A,33916000000.0,74100000000.0,119575000000.0,2.18675166087322,0.4786421134462704
META,527.34,N/A,35.46,N/A,7.9,N/A,8.97,N/A,20.066740188696507,N/A,10.670223808698127,N/A,N/A,14018000000.0,153168000000.0,40112000000.0,5.46510721247563,0.4778578375973123
ON,69.32,N/A,14.18,N/A,3.83,N/A,3.61,N/A,11.511127180170377,N/A,7.898468030642461,N/A,N/A,562700000.0,7782600000.0,2018100000.0,1.31471962616822,0.4776314456149491
MRO,29.69,N/A,11.6,N/A,1.51,N/A,2.65,N/A,5.056879697589814,N/A,3.986405612116867,N/A,N/A,397000000.0,11205000000.0,1585000000.0,0.680960548885077,0.4775295248056823
TPR,42.93,N/A,10.87,N/A,3.7,N/A,1.46,N/A,7.335547417578437,N/A,2.0822700983154734,N/A,N/A,322300000.0,2659800000.0,2084500000.0,1.40558220671609,0.47733928197508413
REGN,942.7,N/A,27.11,N/A,3.92,N/A,7.76,N/A,20.12352983061413,N/A,7.682880987845811,N/A,N/A,1159600000.0,25973100000.0,3434300000.0,10.8984962406015,0.4771529490747766
EQT,36.48,N/A,8.69,N/A,1.09,N/A,2.33,N/A,5.115938312543952,N/A,3.1525771759216306,N/A,N/A,502055000.0,14773200000.0,3210143000.0,1.20453209534435,0.47663279251580243
ANSS,341.87,N/A,59.66,N/A,5.52,N/A,13.11,N/A,40.626062931293234,N/A,14.25355562762996,N/A,N/A,274762000.0,5390364000.0,805108000.0,3.16221846263624,0.47603000329525197
CPRT,56.55,N/A,30.4,N/A,8.01,N/A,13.39,N/A,29.5290576286176,N/A,14.991642686062917,N/A,N/A,325635000.0,6787600000.0,1020149000.0,0.678035449363629,0.4760283293100665
MSFT,425.52,N/A,38.47,N/A,13.27,N/A,13.89,N/A,26.77451054146441,N/A,19.875901497237535,N/A,N/A,21870000000.0,238268000000.0,62020000000.0,2.94268030139935,0.47589984209936437
AVB,181.08,N/A,27.65,N/A,2.19,N/A,9.3,N/A,19.81153279806486,N/A,12.049014552140262,N/A,N/A,241527000.0,11783241000.0,704706000.0,1.70277431297829,0.4758847189760192
PXD,272.78,N/A,13.51,N/A,2.75,N/A,3.29,N/A,7.3315500532245945,N/A,3.526515688345205,N/A,N/A,1268000000.0,23171000000.0,5076000000.0,5.41880341880342,0.4757380259995634
CTRA,28.32,N/A,13.3,N/A,1.63,N/A,3.6,N/A,5.9501240481099655,N/A,3.8061074186675685,N/A,N/A,411000000.0,13047000000.0,1596000000.0,0.546542553191489,0.47570461434548567
TXN,167.5,N/A,23.69,N/A,9.02,N/A,8.7,N/A,18.09806723363286,N/A,14.074084592522007,N/A,N/A,1365000000.0,16897000000.0,4077000000.0,1.5016501650165,0.4756932161760639
DECK,879.89,N/A,31.86,N/A,10.73,N/A,5.48,N/A,22.15119541112871,N/A,9.336631356982936,N/A,N/A,389919000.0,2104190000.0,1560307000.0,15.1932278678304,0.4756145356567775
ATO,116.23,N/A,18.48,N/A,1.56,N/A,4.44,N/A,14.024212011893793,N/A,8.558630337291191,N/A,N/A,311106000.0,11273209000.0,1158467000.0,2.07686453576865,0.4756032490522704
MKTX,225.39,N/A,32.9,N/A,6.6,N/A,11.01,N/A,20.983276324944132,N/A,11.013314797179769,N/A,N/A,69627000.0,1292963000.0,203522000.0,1.84540153723827,0.47544907871594
MSI,352.3,N/A,35.48,N/A,80.84,N/A,5.87,N/A,24.632768774206195,N/A,12.64349962635815,N/A,N/A,596000000.0,724000000.0,2848000000.0,3.58173076923077,0.4753858314978254
GL,108.45,N/A,10.77,N/A,2.27,N/A,1.85,N/A,6.458561730068219,N/A,1.849794099951589,N/A,N/A,274802000.0,4486803000.0,1481367000.0,2.92223170699987,0.4753341652875842
QCOM,171.53,N/A,24.86,N/A,8.3,N/A,5.27,N/A,17.940657398029646,N/A,9.667748945671049,N/A,N/A,2767000000.0,23058000000.0,9935000000.0,2.47939068100358,0.47527849731229477
AMAT,207.85,N/A,24.45,N/A,9.91,N/A,6.52,N/A,20.9997561072877,N/A,13.732621991882986,N/A,N/A,2019000000.0,17429000000.0,6707000000.0,2.42960288808664,0.47521507647101147
WTW,270.94,N/A,27.23,N/A,2.91,N/A,2.92,N/A,13.55667869535284,N/A,3.322336949066751,N/A,N/A,622000000.0,9520000000.0,2914000000.0,6.15841584158416,0.4748623538604268
TRV,230.89,N/A,18.05,N/A,2.12,N/A,1.28,N/A,12.925205502321036,N/A,1.2789591461415724,N/A,N/A,1615000000.0,24921000000.0,10927000000.0,7.06474190726159,0.4747742704864168
PHM,116.35,N/A,9.93,N/A,2.36,N/A,1.53,N/A,7.2416362808392085,N/A,5.23450058110154,N/A,N/A,708457000.0,10383257000.0,4293651000.0,3.30657574781687,0.47476093953015797
CL,87.88,N/A,31.73,N/A,118.61,N/A,3.71,N/A,19.040828391459925,N/A,7.047426506886809,N/A,N/A,718000000.0,609000000.0,4950000000.0,0.87220602526725,0.47439855542906106
UAL,43.19,N/A,5.47,N/A,1.52,N/A,0.2637,N/A,3.718227276209935,N/A,0.5420525680883147,N/A,N/A,600000000.0,9324000000.0,13626000000.0,1.83038438071995,0.4742211897181075
KIM,18.51,N/A,18.15,N/A,1.31,N/A,7.0,N/A,15.211254361543727,N/A,10.643255141863856,N/A,N/A,135918000.0,9525465000.0,451603000.0,0.220241374616776,0.4741526033296776
TROW,116.64,N/A,15.03,N/A,2.74,N/A,4.04,N/A,9.3266909542708,N/A,4.037740411732838,N/A,N/A,425900000.0,9505100000.0,1642000000.0,1.90559284116331,0.47411000639834305
MOS,32.95,N/A,9.41,N/A,0.8624,N/A,0.7739,N/A,5.9399111941500635,N/A,6.338663940559124,N/A,N/A,365300000.0,12290200000.0,3149500000.0,1.12020852499233,0.4740585555192407
JNJ,152.39,N/A,11.1,N/A,5.34,N/A,4.31,N/A,12.667633144566876,N/A,6.3753171961744535,N/A,N/A,4049000000.0,68774000000.0,13532000000.0,1.68203722166833,0.47398837594277565
BLK,797.56,N/A,21.84,N/A,3.02,N/A,6.64,N/A,15.420531983026505,N/A,6.6132400726804415,N/A,N/A,1375000000.0,39347000000.0,4631000000.0,9.25925925925926,0.47389397659597227
MAA,127.1,N/A,26.99,N/A,2.43,N/A,6.9,N/A,15.395965239868795,N/A,8.99872278944811,N/A,N/A,159716000.0,6094071000.0,542247000.0,1.36921335985186,0.4730712585502368
VRSK,227.65,N/A,54.59,N/A,105.3,N/A,12.17,N/A,24.914519208123984,N/A,19.506181557427006,N/A,N/A,174000000.0,310000000.0,677200000.0,1.20316817413843,0.4729045785553458
WAT,335.94,N/A,30.99,N/A,17.29,N/A,6.73,N/A,25.69653669225178,N/A,12.405266871944187,N/A,N/A,216205000.0,1150341000.0,819474000.0,3.64404779963257,0.47262232803951426
PLD,124.74,N/A,38.86,N/A,2.17,N/A,14.38,N/A,23.8272974504939,N/A,17.929980682794437,N/A,N/A,629476000.0,53181724000.0,1889247000.0,0.680566096893819,0.4725119072647123
UNP,242.01,N/A,23.16,N/A,9.98,N/A,6.12,N/A,15.715563207719299,N/A,7.428061717649985,N/A,N/A,1652000000.0,14788000000.0,6159000000.0,2.71353482260184,0.47230401553138873
ALL,172.82,N/A,-144.02,N/A,2.88,N/A,0.7963,N/A,6.113125004706199,N/A,0.7962887634427436,N/A,N/A,1460000000.0,17770000000.0,14832000000.0,5.57039297977871,0.47217570054209723
IBM,189.14,N/A,23.24,N/A,7.69,N/A,2.8,N/A,15.270512451081434,N/A,6.134026838221574,N/A,N/A,3288000000.0,22534000000.0,17381000000.0,3.59474671455648,0.4715308428387473
COP,133.52,N/A,14.74,N/A,3.19,N/A,2.8,N/A,6.8493529007803335,N/A,4.958293194842827,N/A,N/A,2989000000.0,49279000000.0,14729000000.0,2.51871551407413,0.4715126207368216
TDY,416.86,N/A,22.55,N/A,2.14,N/A,3.5,N/A,18.15285311672488,N/A,9.161259929490859,N/A,N/A,323100000.0,9221200000.0,1425000000.0,6.81645569620253,0.4714598307701987
EMN,99.83,N/A,13.33,N/A,2.15,N/A,1.27,N/A,10.068018526051475,N/A,7.781830913148957,N/A,N/A,310000000.0,5458000000.0,2207000000.0,2.62267343485618,0.4713387692491085
RL,171.95,N/A,19.63,N/A,2.61,N/A,1.02,N/A,6.238226270064206,N/A,1.4332090132989144,N/A,N/A,276600000.0,2571900000.0,1934000000.0,4.25538461538462,0.4711582654073785
NTAP,105.05,N/A,23.87,N/A,21.81,N/A,3.51,N/A,14.283503199189736,N/A,4.883164413204063,N/A,N/A,313000000.0,994000000.0,1606000000.0,1.51941747572816,0.4710519621373615
HOLX,77.98,N/A,37.31,N/A,3.93,N/A,4.61,N/A,16.71688779816514,N/A,7.908465073032301,N/A,N/A,246500000.0,4653800000.0,1013100000.0,1.03299291362671,0.4709748280739947
ISRG,388.39,N/A,77.21,N/A,10.34,N/A,19.32,N/A,60.51409311294892,N/A,28.00320206935194,N/A,N/A,606200000.0,13307600000.0,1928300000.0,1.72215909090909,0.47078625095637605
BRO,85.15,N/A,27.92,N/A,4.36,N/A,5.71,N/A,19.274292858651275,N/A,6.431857469873858,N/A,N/A,264800000.0,5578800000.0,1026100000.0,0.944028520499109,0.47067751581127065
LULU,356.87,N/A,29.25,N/A,10.19,N/A,4.49,N/A,18.48795067822024,N/A,7.29111271997654,N/A,N/A,669468000.0,4232081000.0,3205103000.0,5.30359901448954,0.47055807274806627
PRU,115.71,N/A,17.12,N/A,1.49,N/A,0.7696,N/A,12.868615241635688,N/A,0.7695564941921859,N/A,N/A,1317000000.0,27820000000.0,15084000000.0,3.65731741183005,0.470499935519773
CSX,36.3,N/A,19.62,N/A,5.86,N/A,4.85,N/A,12.3504675295601,N/A,6.014712234836597,N/A,N/A,886000000.0,12128000000.0,3680000000.0,0.45112016293279,0.4704870602036367
CLX,145.94,N/A,227.14,N/A,341.74,N/A,2.48,N/A,22.143868365405407,N/A,6.693816417647059,N/A,N/A,93000000.0,53000000.0,1990000000.0,0.748936992655586,0.47042004763565215
PCAR,122.21,N/A,13.95,N/A,4.03,N/A,1.82,N/A,8.060791374466909,N/A,6.752100730318585,N/A,N/A,1417300000.0,15878800000.0,9076600000.0,2.70373903090423,0.4702874794952183
ZBH,127.33,N/A,26.09,N/A,2.1,N/A,3.54,N/A,15.65655134936407,N/A,5.934299969117204,N/A,N/A,419100000.0,12480500000.0,1940000000.0,2.01587301587302,0.47027516536297637
SRE,70.52,N/A,14.72,N/A,1.6,N/A,2.67,N/A,10.160206395796848,N/A,6.244346090081139,N/A,N/A,737000000.0,28675000000.0,3491000000.0,1.16743967964315,0.47026214355144874
PEG,66.52,N/A,12.97,N/A,2.14,N/A,2.95,N/A,11.04908458285004,N/A,6.687348673185408,N/A,N/A,546000000.0,15477000000.0,2605000000.0,1.092,0.4701674663170872
CDNS,308.02,N/A,80.63,N/A,24.63,N/A,20.5,N/A,65.10902981880662,N/A,22.808989404765324,N/A,N/A,323899000.0,3404271000.0,1068623000.0,1.20372751598038,0.47015258439157465
GM,44.23,N/A,6.04,N/A,0.7943,N/A,0.2971,N/A,1.8927159735991876,N/A,1.343982180256948,N/A,N/A,2075000000.0,64286000000.0,42979000000.0,1.59247889485802,0.47009481950274096
PYPL,65.15,N/A,16.97,N/A,3.32,N/A,2.35,N/A,10.877656655585106,N/A,2.198111667058547,N/A,N/A,1402000000.0,21051000000.0,8026000000.0,1.30055658627087,0.47008309261511033
PCG,16.81,N/A,16.01,N/A,1.43,N/A,1.47,N/A,11.941020300775193,N/A,4.568409724086798,N/A,N/A,919000000.0,25040000000.0,7041000000.0,0.430444964871194,0.4699023300217748
GILD,69.58,N/A,15.46,N/A,3.79,N/A,3.19,N/A,9.072022333130487,N/A,5.061377092734504,N/A,N/A,1429000000.0,22833000000.0,7115000000.0,1.14595028067362,0.4698395816631559
PNR,83.57,N/A,22.34,N/A,4.31,N/A,3.38,N/A,18.374666540983608,N/A,10.329097700105319,N/A,N/A,208000000.0,3217100000.0,984600000.0,1.25755743651753,0.4697654445540089
SNA,292.76,N/A,15.61,N/A,3.05,N/A,3.03,N/A,11.114182212527489,N/A,5.980937038097419,N/A,N/A,255300000.0,5071300000.0,1293800000.0,4.83522727272727,0.46945145341366307
FDS,433.17,N/A,34.3,N/A,9.16,N/A,7.67,N/A,21.272705339177403,N/A,15.372679578041552,N/A,N/A,140940000.0,1801754000.0,545945000.0,3.698921344776,0.4694149338617213
GOOGL,152.5,N/A,26.11,N/A,6.39,N/A,5.89,N/A,17.896534847011843,N/A,9.832753744716046,N/A,N/A,20687000000.0,283379000000.0,86310000000.0,1.65628502802242,0.46939948229035605
MCD,266.69,N/A,23.07,N/A,-40.91,N/A,7.55,N/A,18.48411335160975,N/A,8.978901114196841,N/A,N/A,2039000000.0,-4706700000.0,6406200000.0,2.81668738776074,0.4693968582852748
INCY,55.24,N/A,20.85,N/A,2.39,N/A,3.36,N/A,11.953974378839701,N/A,2.551656909621093,N/A,N/A,201079000.0,5189837000.0,1013341000.0,0.896769330942888,0.4692211251455243
ODFL,224.57,N/A,19.94,N/A,5.74,N/A,4.17,N/A,12.257716052756388,N/A,4.106224297802035,N/A,N/A,322815000.0,4257811000.0,1495550000.0,2.96119854353961,0.4690629506143486
LRCX,968.58,N/A,37.47,N/A,15.44,N/A,8.87,N/A,28.798251157815837,N/A,19.207886247158832,N/A,N/A,954266000.0,8222478000.0,3758259000.0,7.24966382787987,0.46885282278489687
HIG,103.24,N/A,12.95,N/A,2.05,N/A,1.25,N/A,5.8923257454405835,N/A,1.2514015088677783,N/A,N/A,766000000.0,15327000000.0,6400000000.0,2.54993342210386,0.4686325994971341
EXR,146.32,N/A,30.87,N/A,2.15,N/A,12.09,N/A,23.29674547450968,N/A,16.358589431710413,N/A,N/A,215835000.0,14390921000.0,797774000.0,1.01713003242267,0.468622585458895
NRG,72.77,N/A,-64.97,N/A,6.93,N/A,0.5421,N/A,274.8747315106383,N/A,12.628653353861193,N/A,N/A,462000000.0,2906000000.0,6807000000.0,2.09049773755656,0.46845049430969693
SNPS,575.45,N/A,63.45,N/A,13.15,N/A,14.31,N/A,60.194810698715024,N/A,17.785490064243923,N/A,N/A,449112000.0,6670984000.0,1649230000.0,2.94865111515255,0.4682047103476976
FICO,1231.65,N/A,68.85,N/A,-42.17,N/A,19.74,N/A,49.485105739369416,N/A,26.28994460906505,N/A,N/A,121065000.0,-725765000.0,382059000.0,4.88874979809401,0.4681924298935389
CSCO,48.55,N/A,14.76,N/A,4.25,N/A,3.43,N/A,11.21900748257422,N/A,4.966045402786091,N/A,N/A,2634000000.0,46251000000.0,12791000000.0,0.649568434032059,0.46819159694761686
NI,27.19,N/A,18.37,N/A,1.57,N/A,2.21,N/A,10.907608205837034,N/A,6.059446707535057,N/A,N/A,225000000.0,8269600000.0,1422000000.0,0.529661016949153,0.4680292205169853
L,76.66,N/A,12.19,N/A,1.08,N/A,1.08,N/A,6.036719841511414,N/A,1.4539555909751627,N/A,N/A,446000000.0,15704000000.0,4326000000.0,1.99740248107842,0.4679542463059428
RF,20.15,N/A,9.55,N/A,1.17,N/A,2.02,N/A,6.496530023508772,N/A,2.152919833372093,N/A,N/A,367000000.0,17429000000.0,2331000000.0,0.394199785177229,0.4679491797690421
CF,85.11,N/A,10.81,N/A,2.79,N/A,2.41,N/A,5.426176598331729,N/A,6.645733774852652,N/A,N/A,274000000.0,5717000000.0,1571000000.0,1.44210526315789,0.4679106263482762
MCHP,87.57,N/A,20.46,N/A,6.68,N/A,5.54,N/A,13.900898307765301,N/A,9.211581981100768,N/A,N/A,419200000.0,7080200000.0,1765700000.0,0.775147928994083,0.4677745722169823
YUM,136.1,N/A,24.3,N/A,-4.87,N/A,5.41,N/A,19.940092714983713,N/A,9.236678179554884,N/A,N/A,463000000.0,-7858000000.0,2036000000.0,1.64768683274021,0.4676919728713223
FITB,35.3,N/A,10.96,N/A,1.41,N/A,1.9,N/A,7.977938824150446,N/A,1.9941557460003299,N/A,N/A,492000000.0,19172000000.0,3392000000.0,0.718858970235051,0.46754954952251154
KDP,30.77,N/A,19.85,N/A,1.66,N/A,2.88,N/A,14.396059115482881,N/A,6.973536556683168,N/A,N/A,693000000.0,25676000000.0,3867000000.0,0.497380320103352,0.467539978429168
CBOE,180.93,N/A,25.38,N/A,4.79,N/A,5.06,N/A,16.29090347666149,N/A,10.390334839937434,N/A,N/A,210800000.0,3985000000.0,968700000.0,1.99055712936733,0.4675330949927061
KLAC,682.84,N/A,34.68,N/A,30.34,N/A,9.55,N/A,24.038853800065915,N/A,16.418852901334805,N/A,N/A,582534000.0,3043711000.0,2486726000.0,4.29790687551185,0.467442175133588
CHTR,267.49,N/A,8.92,N/A,3.89,N/A,0.79,N/A,6.612989691868692,N/A,2.5675940345926347,N/A,N/A,1058000000.0,11086000000.0,13711000000.0,7.23180566724621,0.46734654438910184
OMC,92.62,N/A,13.4,N/A,5.05,N/A,1.24,N/A,8.00556868759502,N/A,1.3260881634472714,N/A,N/A,425700000.0,3616300000.0,4060900000.0,2.14566532258065,0.46728776934616106
BF.B,50.98,N/A,25.36,N/A,7.5,N/A,4.48,N/A,20.340729839700373,N/A,7.2162833739038,N/A,N/A,285000000.0,3245000000.0,1406000000.0,0.600245152757126,0.46727498620839963
URI,706.87,N/A,20.04,N/A,5.84,N/A,3.31,N/A,8.83599767389994,N/A,7.1831043199804,N/A,N/A,679000000.0,8130000000.0,3728000000.0,10.0451216805977,0.467180674889588
INTC,38.71,N/A,96.53,N/A,1.55,N/A,3.02,N/A,19.50564517803384,N/A,8.654501404817834,N/A,N/A,2669000000.0,105590000000.0,15406000000.0,0.63216485078162,0.46716134619437666
CRL,253.1,N/A,27.45,N/A,3.62,N/A,3.16,N/A,20.415710260089757,N/A,10.254364528842851,N/A,N/A,187084000.0,3596882000.0,1013476000.0,3.64600873090115,0.46712755850372023
SWKS,105.48,N/A,18.7,N/A,2.71,N/A,3.64,N/A,15.718095888609012,N/A,8.525567747697602,N/A,N/A,231300000.0,6227200000.0,1201500000.0,1.44652908067542,0.46712727989071695
ZTS,165.86,N/A,32.71,N/A,15.18,N/A,8.88,N/A,24.695433350844855,N/A,13.435339387765335,N/A,N/A,525000000.0,4997000000.0,2213000000.0,1.14382075348375,0.46704690454162295
CMS,58.65,N/A,19.49,N/A,2.39,N/A,2.35,N/A,13.596177347646574,N/A,7.238940764123983,N/A,N/A,306000000.0,7544000000.0,1950000000.0,1.04722792607803,0.46704429958483534
NXPI,241.01,N/A,22.52,N/A,7.15,N/A,4.66,N/A,17.415531935752078,N/A,9.151627995895671,N/A,N/A,697000000.0,8644000000.0,3422000000.0,2.70890011659541,0.4669248845107196
FFIV,192.42,N/A,25.09,N/A,3.96,N/A,4.03,N/A,14.45873144834925,N/A,4.702400845385615,N/A,N/A,138382000.0,2860977000.0,692597000.0,2.34061770576097,0.46683550008843855
NVR,7907.89,N/A,17.07,N/A,5.79,N/A,2.61,N/A,11.701094588989557,N/A,8.768654763212082,N/A,N/A,410075000.0,4364725000.0,2582099000.0,128.509871513632,0.4667909305352261
DXCM,138.93,N/A,109.39,N/A,25.89,N/A,14.79,N/A,67.88232871690428,N/A,23.298683839398837,N/A,N/A,256300000.0,2068600000.0,1034500000.0,0.667447916666667,0.4667486881115559
EW,92.7,N/A,40.3,N/A,8.39,N/A,9.29,N/A,29.234891258009398,N/A,11.838076615783784,N/A,N/A,371500000.0,6650000000.0,1534100000.0,0.613643871820284,0.46667672472283606
APD,238.68,N/A,22.75,N/A,3.57,N/A,4.27,N/A,13.205496653726708,N/A,16.58377644487193,N/A,N/A,609300000.0,14873000000.0,2997400000.0,2.73842696629213,0.4665772737247993
MTB,138.71,N/A,8.79,N/A,0.9265,N/A,1.81,N/A,6.278727707416463,N/A,1.9096089144013881,N/A,N/A,456209000.0,26957000000.0,3314106000.0,2.74889281216671,0.4665208615726831
ORCL,124.9,N/A,33.04,N/A,61.05,N/A,6.54,N/A,22.594436699018715,N/A,11.218115864859827,N/A,N/A,2401000000.0,5623000000.0,13280000000.0,0.87372634643377,0.46648750842020964
D,48.57,N/A,19.58,N/A,1.58,N/A,2.83,N/A,13.506679442779726,N/A,8.375262583909864,N/A,N/A,352000000.0,27529000000.0,1537000000.0,0.420248328557784,0.4664478153217759
BMY,51.32,N/A,13.3,N/A,3.53,N/A,2.31,N/A,7.627030347639485,N/A,3.832519956109929,N/A,N/A,1762000000.0,29430000000.0,11477000000.0,0.869264923532314,0.46641859845627637
REG,58.8,N/A,28.82,N/A,1.6,N/A,8.22,N/A,17.12569078879438,N/A,11.287499538740505,N/A,N/A,84717000.0,7032687000.0,359604000.0,0.458440209097698,0.46640323014717167
MMM,91.03,N/A,-7.21,N/A,10.48,N/A,1.54,N/A,-8.448313343344042,N/A,4.258059365319628,N/A,N/A,945000000.0,4807000000.0,8013000000.0,1.70362358031368,0.4663852877526871
RJF,128.29,N/A,16.1,N/A,2.5,N/A,1.99,N/A,11.058207257731958,N/A,2.0079485286409584,N/A,N/A,497000000.0,10790000000.0,3520000000.0,2.38255033557047,0.46634084456947494
ROP,543.01,N/A,42.13,N/A,3.33,N/A,9.41,N/A,24.094079466576638,N/A,14.91223928352526,N/A,N/A,389000000.0,17444800000.0,1613500000.0,3.64232209737828,0.4662557534404934
PODD,165.0,N/A,58.93,N/A,15.75,N/A,6.8,N/A,41.835196209016395,N/A,10.56069096473834,N/A,N/A,103300000.0,732700000.0,509800000.0,1.47873513033769,0.46609273897558606
CCI,100.78,N/A,29.13,N/A,6.86,N/A,6.27,N/A,15.701772738330975,N/A,13.31872024715057,N/A,N/A,364000000.0,6381000000.0,1674000000.0,0.836781609195402,0.46584105815182353
HII,286.08,N/A,16.76,N/A,2.77,N/A,0.9893,N/A,13.240279731150794,N/A,8.108263650668286,N/A,N/A,274000000.0,4093000000.0,3177000000.0,6.8671679197995,0.4657796596597328
CAT,379.3,N/A,18.85,N/A,9.72,N/A,2.82,N/A,12.658499967046728,N/A,7.906286584612851,N/A,N/A,2676000000.0,19494000000.0,17070000000.0,5.31479642502483,0.46570640301401606
ADP,244.85,N/A,28.5,N/A,23.29,N/A,5.41,N/A,19.706706815018173,N/A,5.484287653610244,N/A,N/A,878400000.0,4319600000.0,4668000000.0,2.1367063974702,0.46554689801432847
ITW,262.94,N/A,27.0,N/A,26.08,N/A,4.88,N/A,20.62390376932338,N/A,12.612438868207922,N/A,N/A,717000000.0,3012000000.0,3983000000.0,2.38840772818121,0.4655462615503338
LLY,784.21,N/A,135.21,N/A,69.17,N/A,21.84,N/A,64.74694077324153,N/A,28.379147356620653,N/A,N/A,2189700000.0,10771900000.0,9353400000.0,2.43239460400967,0.46552635502445483
ULTA,444.75,N/A,17.09,N/A,9.42,N/A,1.92,N/A,10.771249181916145,N/A,4.725053044669147,N/A,N/A,394369000.0,2279328000.0,3554298000.0,8.14155948719007,0.46530291218675573
A,144.12,N/A,34.4,N/A,6.83,N/A,6.27,N/A,27.345697287166455,N/A,12.640859773861967,N/A,N/A,348000000.0,6188000000.0,1658000000.0,1.1877133105802,0.4652032041520046
STZ,265.63,N/A,32.59,N/A,5.13,N/A,4.6,N/A,20.888645465495696,N/A,10.599219688061437,N/A,N/A,509100000.0,9471000000.0,2658200000.0,2.77400899060074,0.46515139706947145
OXY,69.25,N/A,17.76,N/A,2.8,N/A,2.17,N/A,5.350049137343089,N/A,3.170107871564377,N/A,N/A,1023000000.0,30250000000.0,7172000000.0,1.15946956817409,0.4651394433953587
MCO,392.47,N/A,44.91,N/A,21.59,N/A,12.11,N/A,29.21780389908257,N/A,12.919840263691684,N/A,N/A,341000000.0,3318000000.0,1480000000.0,1.86644772851669,0.4651172941630162
KMB,126.31,N/A,24.24,N/A,46.51,N/A,2.08,N/A,12.300162705223881,N/A,7.0316629799488055,N/A,N/A,509000000.0,915000000.0,4970000000.0,1.50770142180095,0.46505637831383756
DTE,109.1,N/A,16.12,N/A,2.04,N/A,1.77,N/A,11.218852489141675,N/A,6.689459137968244,N/A,N/A,417000000.0,11050000000.0,3394000000.0,2.02427184466019,0.46480309721716956
GIS,69.79,N/A,16.01,N/A,4.2,N/A,1.96,N/A,12.045683947386866,N/A,7.395172260470453,N/A,N/A,670100000.0,9436800000.0,5099200000.0,1.1766461808604,0.46477525598316766
DE,412.54,N/A,11.98,N/A,5.2,N/A,1.89,N/A,8.408211506070838,N/A,4.9641116369613165,N/A,N/A,1751000000.0,22075000000.0,12185000000.0,6.25580564487317,0.4647453326848585
LMT,455.38,N/A,16.53,N/A,16.02,N/A,1.62,N/A,12.552126452854715,N/A,14.646344260296349,N/A,N/A,1866000000.0,6835000000.0,18874000000.0,7.63502454991817,0.4645478967755114
CAG,31.09,N/A,15.7,N/A,1.62,N/A,1.23,N/A,11.475554348740523,N/A,7.084081906458528,N/A,N/A,308600000.0,9154900000.0,3032900000.0,0.64452798663325,0.4645032268710502
SYK,351.02,N/A,42.55,N/A,7.18,N/A,6.52,N/A,31.59976210680467,N/A,10.98901207895543,N/A,N/A,1143000000.0,18593000000.0,5815000000.0,3.00868649644643,0.46443666589379157
DHI,158.52,N/A,11.4,N/A,2.27,N/A,1.46,N/A,8.722575922641848,N/A,5.698967587459133,N/A,N/A,947400000.0,23153400000.0,7726000000.0,2.84248424842484,0.4644230500431494
BEN,27.05,N/A,14.31,N/A,1.19,N/A,1.81,N/A,8.354009728399676,N/A,1.703291058119745,N/A,N/A,241600000.0,12001600000.0,1991100000.0,0.496098562628337,0.4643405829955641
BBY,79.61,N/A,14.02,N/A,5.62,N/A,0.3946,N/A,6.361566524330441,N/A,1.756171285639904,N/A,N/A,460000000.0,3053000000.0,14646000000.0,2.13457076566125,0.46428458248502125
JPM,197.45,N/A,12.17,N/A,1.89,N/A,2.38,N/A,8.227668426017013,N/A,2.4716079714912755,N/A,N/A,8871000000.0,327878000000.0,61907000000.0,3.04364235229534,0.46426094546994173
CMCSA,40.9,N/A,11.02,N/A,1.96,N/A,1.33,N/A,6.580407155106926,N/A,2.080558765406508,N/A,N/A,3260000000.0,82703000000.0,31253000000.0,0.813779331003495,0.46423570766151306
SYF,41.28,N/A,7.95,N/A,1.28,N/A,0.7508,N/A,4.995390806365259,N/A,1.0238054066691051,N/A,N/A,429000000.0,13903000000.0,6990000000.0,1.04202088899684,0.4642099625985768
HAL,41.24,N/A,14.12,N/A,3.89,N/A,1.59,N/A,8.169780671083398,N/A,9.616356514678898,N/A,N/A,661000000.0,9391000000.0,5739000000.0,0.74020156774916,0.4641991520883466
IDXX,519.54,N/A,51.64,N/A,29.07,N/A,11.79,N/A,36.008736526802835,N/A,19.928987604853035,N/A,N/A,194521000.0,1484530000.0,901601000.0,2.3411161525593,0.4641465993624525
AME,182.22,N/A,32.14,N/A,4.83,N/A,6.39,N/A,22.02093398252893,N/A,18.88679514398408,N/A,N/A,342864000.0,8730191000.0,1730885000.0,1.48566823092022,0.4640274562284706
MNST,55.9,N/A,36.3,N/A,7.07,N/A,8.15,N/A,27.156980623591608,N/A,14.474249826445902,N/A,N/A,366979000.0,8228744000.0,1730108000.0,0.352674860339491,0.46400303363230133
WRB,87.26,N/A,17.28,N/A,3.0,N/A,1.84,N/A,12.913697422387228,N/A,1.8435766415837749,N/A,N/A,397339000.0,7455431000.0,3221382000.0,1.47727238928051,0.46398302467592306
KMI,18.46,N/A,17.42,N/A,1.35,N/A,2.67,N/A,9.95128571483097,N/A,7.022184686802617,N/A,N/A,592000000.0,30306000000.0,4038000000.0,0.266426642664266,0.46380219681976537
DRI,156.35,N/A,18.33,N/A,8.56,N/A,1.67,N/A,11.44279646839509,N/A,8.46747511162988,N/A,N/A,312900000.0,2180900000.0,2974800000.0,2.62060301507538,0.4635173672674579
MDT,84.56,N/A,26.84,N/A,2.17,N/A,3.47,N/A,16.478457815235423,N/A,6.10050894695073,N/A,N/A,1322000000.0,51791000000.0,8089000000.0,0.99420922012484,0.46347167765394354
PGR,211.0,N/A,32.07,N/A,6.25,N/A,1.99,N/A,23.70930261319162,N/A,1.989493603911941,N/A,N/A,1977400000.0,20277100000.0,16893400000.0,3.38017094017094,0.4634289012441328
OKE,79.65,N/A,14.53,N/A,2.82,N/A,2.63,N/A,13.039011658527206,N/A,11.79817321433542,N/A,N/A,688000000.0,16484000000.0,5235000000.0,1.17888965044551,0.4631146208187591
INVH,34.77,N/A,41.1,N/A,2.1,N/A,8.76,N/A,21.49218891920057,N/A,11.981170883426977,N/A,N/A,129368000.0,10155971000.0,624321000.0,0.211374736843003,0.4631001652942979
FRT,99.69,N/A,,N/A,,N/A,,N/A,,N/A,,N/A,N/A,49803000.0,2461163000.0,247284000.0,0.642743756856166,0.46297055888925226
FI,157.38,N/A,31.6,N/A,3.1,N/A,4.85,N/A,14.406325588457186,N/A,10.030071557821937,N/A,N/A,870000000.0,29857000000.0,4917000000.0,1.45412000668561,0.4629551773727176
PAYC,198.29,N/A,33.72,N/A,8.76,N/A,6.74,N/A,19.668210665699576,N/A,7.563291513801255,N/A,N/A,81757000.0,1303036000.0,434595000.0,1.42891848434004,0.46291984235623596
KO,59.51,N/A,24.09,N/A,9.89,N/A,5.61,N/A,17.720288257073566,N/A,10.46338971366674,N/A,N/A,1973000000.0,25941000000.0,10849000000.0,0.457030345147093,0.4628910539445883
NEE,64.18,N/A,17.83,N/A,2.78,N/A,4.69,N/A,13.42666820049127,N/A,8.926420227920731,N/A,N/A,1210000000.0,47468000000.0,6877000000.0,0.589898595943838,0.46280444703428153
EXC,37.34,N/A,15.96,N/A,1.45,N/A,1.72,N/A,10.757516845059184,N/A,5.997758353700133,N/A,N/A,616000000.0,25755000000.0,5366000000.0,0.617234468937876,0.46271627833323686
STLD,147.27,N/A,10.06,N/A,2.62,N/A,1.24,N/A,7.600668708278118,N/A,5.983828595389436,N/A,N/A,424270000.0,8866666000.0,4233423000.0,2.62816541949552,0.4627028316228155
NSC,250.03,N/A,31.1,N/A,4.82,N/A,5.06,N/A,14.657559722697057,N/A,6.348474164198749,N/A,N/A,524000000.0,12781000000.0,3073000000.0,2.31858407079646,0.4626153750111439
CTSH,71.13,N/A,16.9,N/A,2.68,N/A,1.83,N/A,9.701659117305459,N/A,4.995143369711466,N/A,N/A,558000000.0,13227000000.0,4758000000.0,1.11377245508982,0.4625658045337914
O,53.01,N/A,42.07,N/A,1.39,N/A,11.19,N/A,18.912649240450545,N/A,16.476400022995872,N/A,N/A,218405000.0,32941467000.0,1076285000.0,0.301059085764781,0.46243809984038514
DUK,95.91,N/A,27.02,N/A,1.57,N/A,2.55,N/A,12.29268722616088,N/A,7.908648522934833,N/A,N/A,991000000.0,49112000000.0,7212000000.0,1.28367875647668,0.4624215522531216
AKAM,106.24,N/A,30.18,N/A,3.5,N/A,4.22,N/A,24.62896440468272,N/A,8.158859534512574,N/A,N/A,161165000.0,4597155000.0,995017000.0,1.06745926612796,0.4623751821374779
KHC,37.06,N/A,16.04,N/A,0.9097,N/A,1.69,N/A,10.279829872316384,N/A,7.134611926842931,N/A,N/A,757000000.0,49526000000.0,6860000000.0,0.617959183673469,0.46236075753285993
MGM,46.53,N/A,14.59,N/A,3.87,N/A,0.9126,N/A,7.783730540547948,N/A,2.3882052421811593,N/A,N/A,314211000.0,3811170000.0,4375563000.0,0.931757526154722,0.462288746425269
SLB,55.03,N/A,18.91,N/A,3.89,N/A,2.37,N/A,10.807586586310267,N/A,13.183839434709736,N/A,N/A,1113000000.0,20189000000.0,8990000000.0,0.779957953749124,0.4622760272942128
DOV,175.84,N/A,23.38,N/A,4.73,N/A,2.86,N/A,16.164419700963176,N/A,8.823658075044909,N/A,N/A,296262000.0,5106605000.0,2105757000.0,2.1177454519461,0.4622631404650031
RMD,188.76,N/A,31.3,N/A,6.19,N/A,6.16,N/A,22.261624133212774,N/A,11.439097691069163,N/A,N/A,208800000.0,4481854000.0,1162801000.0,1.41913383900171,0.46226297189022264
LIN,464.7,N/A,36.91,N/A,5.63,N/A,6.81,N/A,19.746077642124423,N/A,15.537728585991408,N/A,N/A,1543000000.0,39720000000.0,8302000000.0,3.18665364193413,0.4622397533673353
BWA,34.61,N/A,14.73,N/A,1.36,N/A,0.5601,N/A,5.4713989452789695,N/A,3.971451570872274,N/A,N/A,154000000.0,5828000000.0,1876000000.0,0.678299850902293,0.4621598526007027
MPWR,654.31,N/A,74.69,N/A,15.53,N/A,17.48,N/A,58.88229044038751,N/A,30.09531985008603,N/A,N/A,96905000.0,2049939000.0,454012000.0,2.02150739512277,0.4620770265412463
FTV,84.27,N/A,34.68,N/A,2.87,N/A,4.88,N/A,19.722207021691293,N/A,8.727684334882168,N/A,N/A,265200000.0,10318900000.0,1583700000.0,0.754910333048676,0.46199557393325447
PG,156.1,N/A,26.64,N/A,7.7,N/A,4.38,N/A,17.2636828793694,N/A,9.300196033427172,N/A,N/A,3398000000.0,48534000000.0,21441000000.0,1.44105173876166,0.46199077924112725
GEN,22.15,N/A,10.21,N/A,5.83,N/A,3.72,N/A,16.659545320466133,N/A,7.472576192420777,N/A,N/A,144000000.0,2418000000.0,951000000.0,0.225352112676056,0.46192071702651666
MLM,619.41,N/A,32.89,N/A,4.77,N/A,5.65,N/A,19.499789311775242,N/A,20.452315359438348,N/A,N/A,283000000.0,8033200000.0,1608200000.0,4.57928802588997,0.46176940909577624
GPN,125.92,N/A,33.4,N/A,1.4,N/A,3.33,N/A,12.798567581681459,N/A,7.984867247757596,N/A,N/A,361296000.0,22999210000.0,2433812000.0,1.38783851265701,0.46171732204895594
TER,107.27,N/A,39.29,N/A,6.5,N/A,6.13,N/A,28.79824144536561,N/A,10.144639991072056,N/A,N/A,117055000.0,2525897000.0,670600000.0,0.765996570994804,0.4616276332618074
BXP,61.35,N/A,50.7,N/A,1.64,N/A,2.94,N/A,14.994601801044777,N/A,7.446125199438289,N/A,N/A,108912000.0,5885080000.0,828933000.0,0.783010050757042,0.46153481251855116
JKHY,170.03,N/A,33.27,N/A,7.18,N/A,5.74,N/A,18.544920260258287,N/A,14.019014567885323,N/A,N/A,91965000.0,1724387000.0,545701000.0,1.26259644690958,0.46142219436965165
NDSN,271.13,N/A,31.67,N/A,5.69,N/A,5.85,N/A,21.087919090193747,N/A,11.777194871156048,N/A,N/A,109572000.0,2723967000.0,633193000.0,1.92015982055236,0.46140084809436605
SO,69.91,N/A,19.31,N/A,2.43,N/A,3.03,N/A,13.213563088328378,N/A,7.739892271333071,N/A,N/A,854000000.0,31444000000.0,6045000000.0,0.781335773101555,0.4613913367266134
AOS,87.54,N/A,23.72,N/A,5.76,N/A,2.76,N/A,12.424530120856767,N/A,6.99298209994612,N/A,N/A,137300000.0,1844400000.0,988100000.0,0.925605717932356,0.46137931349570255
UBER,77.16,N/A,85.53,N/A,12.76,N/A,3.85,N/A,74.59238277536598,N/A,9.968126705207771,N/A,N/A,1429000000.0,11249000000.0,9936000000.0,0.693169107068191,0.4613579721467391
NUE,200.97,N/A,11.16,N/A,2.3,N/A,1.39,N/A,6.468402759652645,N/A,6.134855620154295,N/A,N/A,782396000.0,20940634000.0,7704531000.0,3.16969971965191,0.4613559702038998
XEL,53.53,N/A,16.68,N/A,1.69,N/A,2.09,N/A,11.01133669256557,N/A,6.629287470972337,N/A,N/A,409000000.0,17616000000.0,3442000000.0,0.73826714801444,0.4612692054993943
WST,394.03,N/A,50.0,N/A,10.01,N/A,9.78,N/A,32.69713677991651,N/A,24.9716708811548,N/A,N/A,137000000.0,2881000000.0,732000000.0,1.84885290148448,0.46105713671671006
ADSK,244.74,N/A,57.72,N/A,35.32,N/A,9.79,N/A,44.68098897370653,N/A,10.774981795868277,N/A,N/A,241000000.0,1482000000.0,1414000000.0,1.12616822429907,0.46104556187115514
KVUE,20.25,N/A,22.52,N/A,3.46,N/A,2.51,N/A,14.59708612432087,N/A,5.28454037753095,N/A,N/A,466000000.0,11211000000.0,3666000000.0,0.243400503515205,0.46099637115608605
WFC,57.4,N/A,11.88,N/A,1.22,N/A,1.76,N/A,7.282015042462465,N/A,1.8484386515494675,N/A,N/A,3160000000.0,185735000000.0,30546000000.0,0.873193511840615,0.4609071796110249
ABT,111.2,N/A,34.01,N/A,5.0,N/A,4.81,N/A,23.72720191106111,N/A,9.05179781950845,N/A,N/A,1594000000.0,38603000000.0,10241000000.0,0.916511758546875,0.46079950810684434
ALLE,132.31,N/A,21.62,N/A,8.79,N/A,3.17,N/A,15.868545106948641,N/A,8.303016804299716,N/A,N/A,118600000.0,1318300000.0,897400000.0,1.35079726651481,0.4607986309414432
AWK,118.52,N/A,24.24,N/A,2.36,N/A,5.45,N/A,15.911358576086956,N/A,8.297656999527634,N/A,N/A,171000000.0,9797000000.0,1032000000.0,0.872448979591837,0.46073941712789407
LEN,166.22,N/A,11.64,N/A,1.72,N/A,1.3,N/A,8.0363646627709,N/A,7.191631100498997,N/A,N/A,712434000.0,26647835000.0,7312930000.0,2.57246539036491,0.4607200650711188
ROST,139.53,N/A,25.1,N/A,9.64,N/A,2.31,N/A,16.342677831171997,N/A,7.993778854742491,N/A,N/A,609683000.0,4871326000.0,6022501000.0,1.835366330911,0.46068545478775746
PH,566.67,N/A,27.98,N/A,6.44,N/A,3.67,N/A,18.530456775442435,N/A,11.983665014976275,N/A,N/A,681851000.0,11302578000.0,4820947000.0,5.30928074227693,0.4606362892881137
HON,197.15,N/A,23.28,N/A,8.1,N/A,3.5,N/A,16.833619341028708,N/A,10.296996977463964,N/A,N/A,1263000000.0,15856000000.0,9440000000.0,1.92383853769992,0.46051620649999486
ADI,194.76,N/A,34.78,N/A,2.72,N/A,8.35,N/A,23.499993403821858,N/A,14.151449544460647,N/A,N/A,462727000.0,35548073000.0,2512704000.0,0.93335955543453,0.4604819212896601
AIZ,179.85,N/A,15.05,N/A,1.94,N/A,0.8398,N/A,9.318358727073365,N/A,0.8397874047755938,N/A,N/A,182500000.0,4809500000.0,2933400000.0,3.44037453896625,0.4604451325796643
ETN,330.51,N/A,41.21,N/A,6.94,N/A,5.69,N/A,28.829504261068386,N/A,16.445191486838986,N/A,N/A,945000000.0,19037000000.0,5967000000.0,2.36486486486486,0.4604139672311976
IT,470.36,N/A,42.45,N/A,53.9,N/A,6.21,N/A,29.04940276798646,N/A,9.448066995760938,N/A,N/A,208631000.0,680634000.0,1586118000.0,2.66260401245597,0.46037907047091947
APH,117.38,N/A,37.74,N/A,8.44,N/A,5.61,N/A,24.357815985136305,N/A,17.89575736269925,N/A,N/A,514400000.0,8346500000.0,3327600000.0,0.859913072550986,0.4603688114187383
BG,106.86,N/A,8.28,N/A,1.5,N/A,0.2502,N/A,5.6578658052190125,N/A,4.1307938369244726,N/A,N/A,373000000.0,10251000000.0,14227000000.0,2.5000685675642,0.46035166289366075
XOM,121.37,N/A,13.65,N/A,2.35,N/A,1.42,N/A,6.5559532124368225,N/A,1.4536239633734185,N/A,N/A,7630000000.0,204802000000.0,85188000000.0,1.90037359900374,0.46034726776339346
EA,130.29,N/A,32.9,N/A,4.62,N/A,4.55,N/A,20.137861931695625,N/A,5.739428204234972,N/A,N/A,290000000.0,7533000000.0,1945000000.0,1.07806691449814,0.4602768797807535
LVS,53.18,N/A,33.24,N/A,9.7,N/A,3.85,N/A,13.554165140876318,N/A,9.466651074569048,N/A,N/A,382000000.0,4118000000.0,2915000000.0,0.502631578947368,0.4602595669819849
SPGI,431.59,N/A,52.44,N/A,4.04,N/A,11.06,N/A,28.351357270590483,N/A,17.755224102082337,N/A,N/A,578000000.0,34200000000.0,3152000000.0,1.83201267828843,0.46011621033652456
IQV,241.45,N/A,33.12,N/A,7.17,N/A,2.92,N/A,17.614618644067797,N/A,10.71200133613285,N/A,N/A,469000000.0,6112000000.0,3868000000.0,2.57550796265788,0.46008583430997163
EIX,70.82,N/A,22.77,N/A,1.97,N/A,1.67,N/A,10.28466257554806,N/A,3.732895646529563,N/A,N/A,378000000.0,15501000000.0,3706000000.0,0.986945169712794,0.4600632159077323
CPB,43.3,N/A,16.98,N/A,3.35,N/A,1.39,N/A,13.52573873275862,N/A,5.976053539819945,N/A,N/A,203000000.0,3849000000.0,2456000000.0,0.681208053691275,0.4600378364657554
HES,157.45,N/A,35.07,N/A,5.38,N/A,4.6,N/A,11.220937179243375,N/A,5.276861618970602,N/A,N/A,413000000.0,8986000000.0,2903000000.0,1.34923227703365,0.460020455815252
TJX,96.81,N/A,25.08,N/A,15.02,N/A,2.02,N/A,15.817956105014051,N/A,6.574769533136604,N/A,N/A,1403000000.0,7302000000.0,16411000000.0,1.23178226514486,0.4599685763662418
HSY,193.74,N/A,21.38,N/A,7.07,N/A,2.6,N/A,11.202237927787616,N/A,6.6819685114458,N/A,N/A,349042000.0,4099086000.0,2657111000.0,1.74255713885332,0.4599021484490951
LW,79.78,N/A,10.64,N/A,6.55,N/A,1.76,N/A,8.680510095254295,N/A,8.707664460812195,N/A,N/A,146100000.0,1758200000.0,1458300000.0,1.01107266435986,0.4598024946139058
CTAS,673.69,N/A,48.85,N/A,17.1,N/A,7.43,N/A,30.2723564808192,N/A,16.09006162719863,N/A,N/A,373153000.0,3994481000.0,2377177000.0,3.67034534313002,0.4597258307696587
HWM,67.06,N/A,36.64,N/A,6.91,N/A,4.14,N/A,20.434554630173565,N/A,16.39580226888056,N/A,N/A,236000000.0,4037000000.0,1731000000.0,0.574209245742092,0.45970057872991205
TMO,579.46,N/A,37.51,N/A,4.73,N/A,5.16,N/A,23.23443101875293,N/A,14.490947766959064,N/A,N/A,1630000000.0,46735000000.0,10886000000.0,4.22279792746114,0.45965203741802085
UHS,173.43,N/A,16.95,N/A,1.69,N/A,0.7296,N/A,8.726034898607452,N/A,1.0652000265929589,N/A,N/A,216312000.0,6149001000.0,3703546000.0,3.19001902402336,0.45964501866131874
AXP,222.46,N/A,19.84,N/A,5.74,N/A,2.39,N/A,13.075030270867165,N/A,2.578947691676943,N/A,N/A,1904000000.0,28057000000.0,17747000000.0,2.62620689655172,0.45962172024166476
FAST,76.63,N/A,37.94,N/A,13.09,N/A,5.97,N/A,25.7261993059789,N/A,13.083588020867492,N/A,N/A,266400000.0,3348800000.0,1758600000.0,0.465897166841553,0.4595395844110026
BLDR,204.14,N/A,17.1,N/A,5.26,N/A,1.46,N/A,10.242013798757695,N/A,4.658382166060635,N/A,N/A,350693000.0,4732351000.0,4150862000.0,2.86326747224037,0.4593390643972038
T,17.42,N/A,8.89,N/A,1.21,N/A,1.02,N/A,5.658019798851594,N/A,3.52964028832031,N/A,N/A,2135000000.0,103297000000.0,32022000000.0,0.296898901404533,0.459254961038301
COR,243.22,N/A,26.49,N/A,53.22,N/A,0.1787,N/A,13.047934529229671,N/A,5.432285086473773,N/A,N/A,601500000.0,911703000.0,72252833000.0,3.00628245560548,0.45920617181222195
SCHW,71.89,N/A,28.3,N/A,4.01,N/A,5.0,N/A,16.523476019958526,N/A,4.995695347752831,N/A,N/A,926000000.0,40958000000.0,6292000000.0,0.508511806699616,0.45917131401867256
LNT,48.85,N/A,17.57,N/A,1.85,N/A,3.11,N/A,13.069940067261905,N/A,9.114777630967206,N/A,N/A,121000000.0,6777000000.0,961000000.0,0.47339593114241,0.45913347321142894
MMC,205.58,N/A,27.3,N/A,8.32,N/A,4.46,N/A,18.60974080683903,N/A,4.906993144660451,N/A,N/A,756000000.0,12191000000.0,5554000000.0,1.53658536585366,0.4590285593390026
MHK,122.36,N/A,-17.73,N/A,1.02,N/A,0.7,N/A,8.07818068727807,N/A,3.6379228771812766,N/A,N/A,139488000.0,7623071000.0,2612278000.0,2.19031467872621,0.45874073737987503
TGT,171.77,N/A,19.21,N/A,5.9,N/A,0.7383,N/A,11.27031847882295,N/A,3.084564182672867,N/A,N/A,1382000000.0,13432000000.0,31919000000.0,2.99198960814029,0.4586372309413123
CVS,74.58,N/A,11.53,N/A,1.23,N/A,0.2623,N/A,7.593470480516741,N/A,1.0236864873185574,N/A,N/A,2046000000.0,76461000000.0,93813000000.0,1.58974358974359,0.4585636538612478
VLO,183.39,N/A,7.35,N/A,2.29,N/A,0.4174,N/A,4.568897127412597,N/A,3.0683414031089993,N/A,N/A,1199000000.0,26346000000.0,35414000000.0,3.56845238095238,0.4585337176861117
XYL,128.27,N/A,45.97,N/A,3.06,N/A,4.22,N/A,27.79850225171821,N/A,11.909258969819653,N/A,N/A,266000000.0,10166000000.0,2118000000.0,1.10314853521781,0.4585078725514317
CRM,301.91,N/A,71.88,N/A,4.91,N/A,8.4,N/A,28.929975898774856,N/A,10.947131022951817,N/A,N/A,1446000000.0,59646000000.0,9287000000.0,1.4922600619195,0.45849158012675534
ROL,45.37,N/A,51.13,N/A,19.02,N/A,7.15,N/A,32.50677585755928,N/A,13.951740243743478,N/A,N/A,108803000.0,1155567000.0,754086000.0,0.224890193363028,0.4584307454116138
HUBB,417.08,N/A,29.71,N/A,7.78,N/A,4.17,N/A,20.351717342198285,N/A,12.807536966262381,N/A,N/A,170600000.0,2877000000.0,1345800000.0,3.18283582089552,0.45836789285648266
SBAC,213.4,N/A,46.29,N/A,-4.46,N/A,8.51,N/A,19.216977194753106,N/A,16.76389800529976,N/A,N/A,109528000.0,-5170882000.0,675024000.0,1.01456148801364,0.45834914790868025
WY,34.59,N/A,30.08,N/A,2.47,N/A,3.29,N/A,17.589884829812917,N/A,17.32844183293698,N/A,N/A,219000000.0,10236000000.0,1774000000.0,0.299841453697086,0.45832871497254607
DGX,130.63,N/A,17.37,N/A,2.3,N/A,1.57,N/A,12.987650501739736,N/A,6.113086724860793,N/A,N/A,192000000.0,6307000000.0,2288000000.0,1.71428571428571,0.4582043833358287
PKG,187.67,N/A,22.03,N/A,4.21,N/A,2.16,N/A,11.362275551751544,N/A,10.939592748248867,N/A,N/A,187900000.0,3997300000.0,1938000000.0,2.10650224215247,0.45819987996290124
AZO,3104.94,N/A,21.76,N/A,-11.12,N/A,3.02,N/A,14.811933630155986,N/A,6.578859380272081,N/A,N/A,515030000.0,-4837321000.0,3859126000.0,29.7378601535885,0.4581907562714466
CBRE,96.14,N/A,30.52,N/A,3.56,N/A,0.9199,N/A,15.913236750377454,N/A,5.039783459196685,N/A,N/A,477152000.0,8267000000.0,8949977000.0,1.56677529574627,0.4581700535549424
HPE,18.0,N/A,12.41,N/A,1.09,N/A,0.8333,N/A,11.406118143459915,N/A,3.1006499713247946,N/A,N/A,387000000.0,21416000000.0,6755000000.0,0.297463489623367,0.4581615575061127
GD,295.18,N/A,24.56,N/A,3.8,N/A,1.92,N/A,17.293655325567737,N/A,13.239806864958034,N/A,N/A,1005000000.0,21299000000.0,11668000000.0,3.68339649472596,0.45816093424564963
MPC,219.13,N/A,9.27,N/A,3.24,N/A,0.5287,N/A,5.454410769313792,N/A,4.6203179281589835,N/A,N/A,1446000000.0,24404000000.0,36537000000.0,3.87667560321716,0.45800971037875327
GNRC,134.41,N/A,41.1,N/A,3.46,N/A,2.01,N/A,19.303174182494555,N/A,6.939216230626081,N/A,N/A,95967000.0,2340252000.0,1063670000.0,1.58848568932751,0.4579846158850604
KEYS,157.23,N/A,28.9,N/A,5.7,N/A,5.14,N/A,18.706604376614546,N/A,7.9484156666666665,N/A,N/A,172000000.0,4817000000.0,1259000000.0,0.982857142857143,0.4579756747972068
ESS,237.68,N/A,37.61,N/A,2.81,N/A,9.14,N/A,18.415855510766196,N/A,12.624054915103974,N/A,N/A,65391000.0,5422746000.0,421748000.0,1.01881073839699,0.4578775493766482
TMUS,161.11,N/A,23.25,N/A,2.95,N/A,2.43,N/A,9.881083373664953,N/A,5.527645958403969,N/A,N/A,2014000000.0,64715000000.0,20478000000.0,1.74151759139173,0.45785650381224413
GPC,149.99,N/A,16.08,N/A,4.75,N/A,0.9057,N/A,11.306494605693603,N/A,2.860600391379613,N/A,N/A,316875000.0,4401047000.0,5585884000.0,2.26736073843512,0.4578484259265627
IEX,239.38,N/A,30.49,N/A,5.12,N/A,5.53,N/A,21.11650361809045,N/A,13.06920242587601,N/A,N/A,108600000.0,3541400000.0,788900000.0,1.43650793650794,0.45783778180359197
MDLZ,67.99,N/A,18.78,N/A,3.27,N/A,2.57,N/A,18.595962651806822,N/A,8.000965622202848,N/A,N/A,950000000.0,28332000000.0,9314000000.0,0.699043414275202,0.4578312004160854
ED,89.65,N/A,12.43,N/A,1.46,N/A,2.11,N/A,12.437178881017882,N/A,4.9269797728635005,N/A,N/A,334000000.0,21158000000.0,3444000000.0,0.962536023054755,0.45752317458455954
MU,123.58,N/A,-36.13,N/A,3.12,N/A,7.47,N/A,39.731841435307324,N/A,-2399.3991700677966,N/A,N/A,793000000.0,43870000000.0,5824000000.0,0.718297101449275,0.45745248521450527
PNC,157.37,N/A,12.31,N/A,1.22,N/A,1.96,N/A,9.003748394218324,N/A,2.01037452103404,N/A,N/A,740000000.0,51105000000.0,8460000000.0,1.8407960199005,0.45738139246444426
TT,304.67,N/A,34.74,N/A,9.89,N/A,3.91,N/A,22.4751224471793,N/A,12.440516712080857,N/A,N/A,504300000.0,6995200000.0,4424200000.0,2.21184210526316,0.45728401875757835
GWW,1014.83,N/A,27.8,N/A,16.01,N/A,3.03,N/A,18.03917809982487,N/A,7.928240990609606,N/A,N/A,395000000.0,3115000000.0,3997000000.0,7.99595141700405,0.4571402738020573
DPZ,493.2,N/A,33.32,N/A,-4.22,N/A,3.83,N/A,24.495952005313736,N/A,12.766981891459908,N/A,N/A,157292000.0,-4070367000.0,1402972000.0,4.53215769771967,0.457073910707065
RSG,188.4,N/A,34.44,N/A,5.62,N/A,3.96,N/A,17.044590203250106,N/A,11.947600266343423,N/A,N/A,439500000.0,10542300000.0,3831600000.0,1.39435279187817,0.4570736433602695
JNPR,37.07,N/A,38.95,N/A,2.68,N/A,2.16,N/A,16.508389707912904,N/A,3.883356484587276,N/A,N/A,124300000.0,4492700000.0,1364800000.0,0.389533061736133,0.4570559190996401
ACN,333.0,N/A,30.22,N/A,8.23,N/A,3.46,N/A,17.82094021636957,N/A,10.377260919549354,N/A,N/A,1674859000.0,27122853000.0,15799514000.0,2.66266282927959,0.4570118305911018
ICE,137.87,N/A,32.9,N/A,3.07,N/A,7.97,N/A,19.44005919563538,N/A,10.16465985206503,N/A,N/A,373000000.0,25717000000.0,2666000000.0,0.649825783972125,0.4569993103812429
VMC,270.15,N/A,38.7,N/A,4.77,N/A,4.59,N/A,19.375789820668235,N/A,19.851110710289966,N/A,N/A,227400000.0,7483400000.0,1834200000.0,1.71493212669683,0.45699001164888503
BSX,68.56,N/A,64.07,N/A,5.22,N/A,7.06,N/A,33.53500036579353,N/A,10.997582232137443,N/A,N/A,504000000.0,19281000000.0,3725000000.0,0.343909928352098,0.45697045428255717
CNP,28.05,N/A,20.47,N/A,1.84,N/A,2.04,N/A,11.499061679215439,N/A,5.561281206854345,N/A,N/A,192000000.0,9667000000.0,2182000000.0,0.304062560871899,0.4569364965058913
UPS,151.36,N/A,19.41,N/A,6.37,N/A,1.21,N/A,10.104010952346686,N/A,1.3893320541458696,N/A,N/A,1605000000.0,17306000000.0,24917000000.0,1.87281213535589,0.4569347768708501
GS,408.07,N/A,17.84,N/A,1.25,N/A,1.22,N/A,8.491810105418404,N/A,1.2331667622124964,N/A,N/A,1867000000.0,116905000000.0,28463000000.0,5.56317044100119,0.456932400619499
IR,94.81,N/A,49.9,N/A,3.91,N/A,5.56,N/A,24.46589980615098,N/A,13.662433466796198,N/A,N/A,229800000.0,9783800000.0,1821400000.0,0.567127344521224,0.45684520374201537
HST,20.28,N/A,19.5,N/A,2.15,N/A,2.69,N/A,12.004160664819945,N/A,4.978175761056864,N/A,N/A,132000000.0,6633000000.0,1323000000.0,0.187393526405451,0.4568313635545276
NKE,88.84,N/A,26.13,N/A,7.57,N/A,2.09,N/A,15.674244978704525,N/A,4.638885002888656,N/A,N/A,1172000000.0,14226000000.0,12429000000.0,0.77451757864129,0.45680312828629593
TDG,1235.28,N/A,52.43,N/A,-19.55,N/A,9.85,N/A,26.51236260368098,N/A,21.126937689562453,N/A,N/A,281000000.0,-3513000000.0,1789000000.0,4.87001733102253,0.4567351180853964
PSX,170.75,N/A,11.05,N/A,2.39,N/A,0.4956,N/A,7.258189771223725,N/A,4.6128007690156885,N/A,N/A,1257000000.0,30583000000.0,38270000000.0,2.87642362374457,0.45673083005426607
ALGN,317.58,N/A,54.66,N/A,6.57,N/A,6.18,N/A,28.632357273279062,N/A,8.452155960977707,N/A,N/A,124014000.0,3630489000.0,956726000.0,1.63844629409433,0.45671333645218226
BIIB,203.87,N/A,25.58,N/A,2.0,N/A,3.01,N/A,17.146790504416664,N/A,4.864699116430665,N/A,N/A,249700000.0,14799400000.0,2386300000.0,1.72325741890959,0.45667101632888724
KR,57.31,N/A,19.23,N/A,3.56,N/A,0.2757,N/A,8.31103204307989,N/A,1.54966222095672,N/A,N/A,736000000.0,11615000000.0,37064000000.0,1.02649930264993,0.4566615611275313
SBUX,86.85,N/A,23.22,N/A,-11.41,N/A,2.68,N/A,14.80269095118865,N/A,2.9973361136097254,N/A,N/A,1024400000.0,-8616000000.0,9425300000.0,0.901284532817174,0.456625767203231
MKC,75.47,N/A,28.81,N/A,3.87,N/A,3.03,N/A,18.94203699251601,N/A,9.669846841545551,N/A,N/A,166000000.0,5232500000.0,1602700000.0,0.618479880774963,0.45659738582612414
UNH,455.74,N/A,19.1,N/A,4.73,N/A,1.13,N/A,13.286519428461327,N/A,1.4501918295098122,N/A,N/A,5455000000.0,88756000000.0,94427000000.0,5.9100758396533,0.4564305411518081
CSGP,94.75,N/A,102.89,N/A,5.27,N/A,15.76,N/A,106.22922392912173,N/A,17.556090229182583,N/A,N/A,96475000.0,7338600000.0,640059000.0,0.237838730672136,0.45641647917308853
BKR,34.31,N/A,17.96,N/A,2.23,N/A,1.35,N/A,10.119195342098202,N/A,7.182296903446963,N/A,N/A,439000000.0,15368000000.0,6834000000.0,0.437686939182453,0.45641364377976396
LDOS,128.66,N/A,89.35,N/A,4.14,N/A,1.13,N/A,12.802983023451594,N/A,9.48812868449198,N/A,N/A,229000000.0,4201000000.0,3980000000.0,1.67153284671533,0.4563461490158525
WEC,80.28,N/A,19.02,N/A,2.16,N/A,2.85,N/A,12.491663591509381,N/A,7.73055599091515,N/A,N/A,218500000.0,11754600000.0,2217500000.0,0.692771084337349,0.45632833849706245
HRL,34.7,N/A,23.93,N/A,2.42,N/A,1.57,N/A,15.898717414648942,N/A,10.600321967579653,N/A,N/A,218863000.0,7844110000.0,2996911000.0,0.400100544769844,0.45630612093893813
DVA,133.61,N/A,18.01,N/A,11.1,N/A,0.9652,N/A,8.936004565536935,N/A,1.7476596453074251,N/A,N/A,150665000.0,1056097000.0,3145747000.0,1.66744137144881,0.4563008852606991
AMP,434.81,N/A,18.34,N/A,9.21,N/A,2.71,N/A,12.524139933333334,N/A,2.707753912027833,N/A,N/A,377000000.0,4729000000.0,4168000000.0,3.63899613899614,0.45624876785058993
TRGP,115.97,N/A,31.34,N/A,9.42,N/A,1.61,N/A,9.73693716309911,N/A,7.173167010902877,N/A,N/A,280200000.0,2739700000.0,4239500000.0,1.25876010781671,0.4562050927049408
USB,43.03,N/A,13.16,N/A,1.38,N/A,1.65,N/A,7.878552471915394,N/A,1.7483241163002947,N/A,N/A,766000000.0,55306000000.0,10351000000.0,0.491340602950609,0.45614560530542986
DFS,125.86,N/A,11.18,N/A,2.29,N/A,1.53,N/A,7.361366429271708,N/A,2.161783231628736,N/A,N/A,378000000.0,14828000000.0,5585000000.0,1.50597609561753,0.45613948689131334
HBAN,13.6,N/A,10.97,N/A,1.16,N/A,1.82,N/A,8.013002844372206,N/A,1.8897939626257787,N/A,N/A,215000000.0,19353000000.0,2750000000.0,0.148463950535955,0.45611786907385515
NDAQ,62.04,N/A,29.83,N/A,3.3,N/A,5.88,N/A,21.530073328463715,N/A,11.729606059820282,N/A,N/A,196000000.0,10816000000.0,1647000000.0,0.357917478480422,0.45608775370727317
GE,156.3,N/A,18.7,N/A,6.24,N/A,2.51,N/A,28.08960742582328,N/A,9.811049535929849,N/A,N/A,1591000000.0,27378000000.0,19425000000.0,1.48552754435107,0.4560556213104248
ROK,279.24,N/A,26.59,N/A,8.87,N/A,3.51,N/A,18.389911677721624,N/A,9.446586323147647,N/A,N/A,214200000.0,3607700000.0,2052100000.0,1.86910994764398,0.45602342161980963
GEHC,88.47,N/A,29.29,N/A,5.66,N/A,2.06,N/A,15.496518994437173,N/A,5.977955320247412,N/A,N/A,403000000.0,7133000000.0,5206000000.0,0.883771929824561,0.45599688953239587
AEE,72.71,N/A,16.64,N/A,1.71,N/A,2.58,N/A,12.17622476910017,N/A,6.723979363397713,N/A,N/A,158000000.0,11349000000.0,1618000000.0,0.599393019726859,0.4559577683936727
HPQ,29.11,N/A,8.59,N/A,-17.41,N/A,0.5379,N/A,7.807581956125109,N/A,3.1022790477259,N/A,N/A,622000000.0,-1640000000.0,13185000000.0,0.625125628140703,0.4558790447062904
ADM,63.46,N/A,9.87,N/A,1.34,N/A,0.3444,N/A,6.944066922357508,N/A,5.237858012644749,N/A,N/A,565000000.0,24132000000.0,22978000000.0,1.06805293005671,0.4558696613888027
FTNT,70.91,N/A,48.57,N/A,-116.76,N/A,10.2,N/A,39.00912995258908,N/A,12.945821743288425,N/A,N/A,310900000.0,-463400000.0,1415100000.0,0.40640522875817,0.45583008016983523
RVTY,102.28,N/A,18.43,N/A,1.6,N/A,4.59,N/A,20.387887023763845,N/A,9.697193587544513,N/A,N/A,78563000.0,7872739000.0,695901000.0,0.637045506146411,0.45580986821518704
ORLY,1117.56,N/A,29.05,N/A,-37.93,N/A,4.17,N/A,19.818799838517542,N/A,8.791977576136027,N/A,N/A,552504000.0,-1739278000.0,3832015000.0,9.33899021314718,0.4557673367495528
ETSY,64.98,N/A,29.67,N/A,-14.16,N/A,2.8,N/A,20.349714439220953,N/A,4.656302809498557,N/A,N/A,83266000.0,-543715000.0,842322000.0,0.691547849461928,0.4556269560091612
BAX,42.62,N/A,8.12,N/A,2.58,N/A,1.46,N/A,19.844680224615384,N/A,6.481930726633166,N/A,N/A,245000000.0,8402000000.0,3749000000.0,0.484189723320158,0.4556136224504632
CARR,56.44,N/A,35.72,N/A,5.85,N/A,2.3,N/A,17.09491267380509,N/A,8.629141255679148,N/A,N/A,420000000.0,8677000000.0,5102000000.0,0.500297796307326,0.45556439026587253
ECL,227.75,N/A,47.55,N/A,8.09,N/A,4.25,N/A,23.90868853565884,N/A,11.739700063906055,N/A,N/A,405200000.0,8044700000.0,3938400000.0,1.4197617379117,0.45550683564641786
RTX,101.69,N/A,45.6,N/A,2.26,N/A,1.96,N/A,22.437103337887066,N/A,14.26516471627099,N/A,N/A,1426000000.0,59798000000.0,19927000000.0,1.06720550815746,0.4554811576274709
TSCO,252.49,N/A,25.02,N/A,12.68,N/A,1.87,N/A,15.287925872921498,N/A,5.47383363340365,N/A,N/A,247903000.0,2149762000.0,3659841000.0,2.29244768307456,0.45535009202933435
LKQ,51.47,N/A,14.75,N/A,2.23,N/A,0.9903,N/A,10.28078659767442,N/A,3.1718301252017937,N/A,N/A,176000000.0,6167000000.0,3501000000.0,0.657698056801196,0.4553382073229702
STE,213.48,N/A,37.45,N/A,3.29,N/A,3.9,N/A,17.420539015461976,N/A,10.26819058509657,N/A,N/A,140743000.0,6415396000.0,1395645000.0,1.42449545555758,0.45529517318693546
RHI,75.3,N/A,19.41,N/A,4.98,N/A,1.24,N/A,15.369211789771816,N/A,2.790167138769493,N/A,N/A,87304000.0,1588351000.0,1472892000.0,0.837384181549617,0.45528899188610605
AXON,309.9,N/A,134.16,N/A,14.51,N/A,14.96,N/A,121.34141883506645,N/A,23.80477977186089,N/A,N/A,57271000.0,1612034000.0,432142000.0,0.762677781920844,0.45522868650973364
RCL,136.02,N/A,22.67,N/A,7.39,N/A,2.51,N/A,12.324829384513567,N/A,6.12525508167964,N/A,N/A,277073000.0,4724000000.0,3331419000.0,1.08002978069868,0.4551593217683612
CHD,102.0,N/A,33.44,N/A,6.45,N/A,4.24,N/A,20.862531359095485,N/A,10.407489566930655,N/A,N/A,153700000.0,3855400000.0,1528000000.0,0.627859477124183,0.4551544874679623
DIS,118.38,N/A,72.63,N/A,2.16,N/A,2.44,N/A,16.089595864547555,N/A,8.438171767562965,N/A,N/A,1911000000.0,100721000000.0,23549000000.0,1.04312227074236,0.4550941512212898
EXPD,117.35,N/A,23.42,N/A,6.97,N/A,1.79,N/A,15.021478118831826,N/A,4.663131671446747,N/A,N/A,158719000.0,2390350000.0,2277768000.0,1.09562630292822,0.455092416878401
DAY,61.04,N/A,176.57,N/A,3.96,N/A,6.27,N/A,50.740022731365684,N/A,10.98670986135182,N/A,N/A,45600000.0,2398200000.0,399700000.0,0.292052202794133,0.4550845137831725
AMGN,269.95,N/A,21.61,N/A,23.21,N/A,5.13,N/A,16.57255241686163,N/A,10.048143640761943,N/A,N/A,767000000.0,6232000000.0,8196000000.0,1.43097014925373,0.45503739208070604
CMG,2905.42,N/A,65.53,N/A,26.02,N/A,8.07,N/A,40.9143385183681,N/A,11.262194072352903,N/A,N/A,282086000.0,3062207000.0,2516320000.0,10.2793528168501,0.4549896082700526
WAB,150.5,N/A,33.15,N/A,2.54,N/A,2.75,N/A,18.648107087468983,N/A,10.210852114470109,N/A,N/A,215000000.0,10487000000.0,2526000000.0,1.20922384701912,0.4549238483310452
WM,206.93,N/A,36.56,N/A,12.03,N/A,4.07,N/A,16.93714398165924,N/A,12.635715855370844,N/A,N/A,493000000.0,6903000000.0,5217000000.0,1.22545364156102,0.4549004411403206
FDX,273.52,N/A,15.67,N/A,2.55,N/A,0.7691,N/A,7.902394935315698,N/A,0.9353132840459812,N/A,N/A,879000000.0,26375000000.0,21738000000.0,3.5587044534413,0.45477642297174575
CDW,255.19,N/A,31.5,N/A,16.77,N/A,1.6,N/A,20.14068262861242,N/A,8.448662242713437,N/A,N/A,296100000.0,2042500000.0,5018500000.0,2.20805369127517,0.45474385026200337
NWSA,25.66,N/A,64.77,N/A,1.81,N/A,1.49,N/A,11.51020220057102,N/A,1.618243179427998,N/A,N/A,156000000.0,8182000000.0,2586000000.0,0.272774960657458,0.4546358918703395
PTC,185.28,N/A,93.58,N/A,7.89,N/A,10.15,N/A,47.00255309813753,N/A,13.98889625814181,N/A,N/A,66387000.0,2806653000.0,550214000.0,0.557293240656795,0.4545138699254128
ADBE,485.12,N/A,46.29,N/A,14.06,N/A,10.9,N/A,29.99702479338843,N/A,12.195259681093393,N/A,N/A,620000000.0,15460000000.0,5182000000.0,1.36865342163355,0.45450855617640423
COF,143.52,N/A,12.01,N/A,0.9398,N/A,1.1,N/A,8.91037379973886,N/A,1.3977638453325822,N/A,N/A,639000000.0,58089000000.0,13132000000.0,1.67408959916165,0.4542938173059435
OTIS,97.77,N/A,28.84,N/A,-8.05,N/A,2.79,N/A,19.19647955216285,N/A,10.795444498926782,N/A,N/A,323000000.0,-4924000000.0,3620000000.0,0.792054928886709,0.4542768195664688
BAC,37.11,N/A,11.97,N/A,1.11,N/A,1.7,N/A,9.632606621533602,N/A,1.748000863716138,N/A,N/A,2838000000.0,291646000000.0,43642000000.0,0.355171766472686,0.45421484743152285
AVY,218.11,N/A,35.18,N/A,8.25,N/A,2.1,N/A,16.31405765488829,N/A,9.04131880219539,N/A,N/A,143100000.0,2127900000.0,2110500000.0,1.77543424317618,0.454190163920592
DG,159.55,N/A,21.13,N/A,5.19,N/A,0.9058,N/A,12.597962930940037,N/A,3.5422283859133663,N/A,N/A,401813000.0,6749119000.0,9858514000.0,1.82988286942582,0.45412207934702414
SMCI,948.02,N/A,73.78,N/A,17.23,N/A,5.73,N/A,58.08505527994487,N/A,34.74506717838514,N/A,N/A,295968000.0,3076910000.0,3664924000.0,5.4672208367969,0.4540204534366474
NOW,783.5,N/A,93.05,N/A,21.1,N/A,17.94,N/A,118.97847672809668,N/A,22.344326693333333,N/A,N/A,295000000.0,7628000000.0,2437000000.0,1.44128826742493,0.4539729200163272
TXT,96.65,N/A,21.2,N/A,2.66,N/A,1.36,N/A,14.587307316557258,N/A,8.779279337576822,N/A,N/A,198000000.0,6987000000.0,3892000000.0,1.01334234082081,0.45391456543406966
J,147.92,N/A,,N/A,,N/A,,N/A,,N/A,,N/A,N/A,195983000.0,5933293000.0,3827093000.0,1.52843049327354,0.45389860149956895
EPAM,264.36,N/A,37.44,N/A,4.4,N/A,3.26,N/A,21.352604398338507,N/A,9.216310841644432,N/A,N/A,97554000.0,3470891000.0,1157257000.0,1.68872039883673,0.45389520724459365
NFLX,636.18,N/A,52.88,N/A,13.65,N/A,8.33,N/A,13.41181573443885,N/A,20.59308861352738,N/A,N/A,937838000.0,20588313000.0,8832825000.0,2.15287106711782,0.45388270681599713
EFX,256.15,N/A,58.22,N/A,7.02,N/A,6.04,N/A,24.16226456099456,N/A,12.735470252892393,N/A,N/A,132400000.0,4534100000.0,1326500000.0,1.07380373073804,0.45371189408718093
AEP,83.95,N/A,19.8,N/A,1.75,N/A,2.33,N/A,12.586258802045501,N/A,6.984541586423735,N/A,N/A,336200000.0,25289200000.0,4577200000.0,0.639145602022003,0.45366025380136304
SJM,117.22,N/A,-120.18,N/A,1.65,N/A,1.52,N/A,13.362950801173694,N/A,6.995858397395224,N/A,N/A,120400000.0,7560100000.0,2229200000.0,1.13692162417375,0.4535105827838091
EQIX,784.41,N/A,76.08,N/A,5.94,N/A,9.06,N/A,26.796819136409916,N/A,22.249582401417204,N/A,N/A,227568000.0,12488894000.0,2110489000.0,2.41397672667098,0.45349446706429486
SYY,76.67,N/A,18.7,N/A,15.88,N/A,0.4924,N/A,12.012533208383113,N/A,3.454217335761043,N/A,N/A,415242000.0,2404034000.0,19287942000.0,0.823382110279201,0.45348380125440196
WMT,59.85,N/A,31.34,N/A,5.75,N/A,0.7441,N/A,13.361590457712595,N/A,3.287051221580803,N/A,N/A,5494000000.0,83861000000.0,173388000000.0,0.680961824491853,0.45342655660029224
BX,127.58,N/A,69.34,N/A,13.37,N/A,11.36,N/A,28.817869919061877,N/A,12.319253153963789,N/A,N/A,151800000.0,6816798000.0,1285020000.0,0.200180727855729,0.45337964553260646
JCI,65.19,N/A,21.23,N/A,2.66,N/A,1.66,N/A,13.684701447043702,N/A,6.000167789562669,N/A,N/A,374000000.0,16698000000.0,6094000000.0,0.549434405758778,0.4533469189296467
MS,92.47,N/A,17.85,N/A,1.67,N/A,1.57,N/A,9.41024702371025,N/A,1.5807035126173403,N/A,N/A,1383000000.0,99038000000.0,25057000000.0,0.860074626865672,0.4533251340416434
CFG,33.98,N/A,10.86,N/A,0.6977,N/A,1.28,N/A,6.211091488835725,N/A,1.3545580394782608,N/A,N/A,159000000.0,24342000000.0,3176000000.0,0.341229838909793,0.4533122089283756
AVGO,1339.43,N/A,50.26,N/A,8.83,N/A,15.97,N/A,34.81049806695135,N/A,23.732620783800645,N/A,N/A,1325000000.0,70284000000.0,11961000000.0,2.93141592920354,0.45316280558241484
EL,144.43,N/A,111.1,N/A,5.89,N/A,2.22,N/A,20.9078890679558,N/A,3.5664196789181037,N/A,N/A,313000000.0,5712000000.0,4279000000.0,0.872595483691107,0.4531174103368085
AFL,85.42,N/A,10.98,N/A,2.24,N/A,2.71,N/A,8.086765507732807,N/A,2.713895464413892,N/A,N/A,268000000.0,21985000000.0,3189000000.0,0.46087783469963,0.45305294303559207
AMD,170.42,N/A,324.3,N/A,4.93,N/A,12.14,N/A,85.19648854852849,N/A,23.865776567619715,N/A,N/A,667000000.0,55892000000.0,6168000000.0,0.412492269635127,0.4530244193412667
AMCR,9.21,N/A,20.87,N/A,3.36,N/A,0.9485,N/A,10.646003726254001,N/A,7.497411117249155,N/A,N/A,133000000.0,3964000000.0,3251000000.0,0.0924252953439889,0.4529113431044396
MRNA,102.88,N/A,-8.34,N/A,2.84,N/A,5.75,N/A,-8.668229542012162,N/A,14.55297191786543,N/A,N/A,217000000.0,13854000000.0,2811000000.0,0.571052631578947,0.4526596312333114
TECH,66.99,N/A,48.19,N/A,5.36,N/A,9.2,N/A,29.027714055455004,N/A,14.104973964336917,N/A,N/A,27462000.0,1963559000.0,272598000.0,0.174325379444307,0.45258818962803843
INTU,635.74,N/A,65.0,N/A,10.53,N/A,11.79,N/A,44.428585342098856,N/A,15.28209380234506,N/A,N/A,353000000.0,16908000000.0,3386000000.0,1.26071428571429,0.45254640903876314
COO,98.6,N/A,67.53,N/A,2.55,N/A,5.35,N/A,30.59649043897069,N/A,9.175664246450975,N/A,N/A,81200000.0,7695100000.0,931600000.0,0.409274193548387,0.45248049708377835
JBL,140.47,N/A,23.93,N/A,7.07,N/A,0.5356,N/A,11.570855067348166,N/A,6.637575707830286,N/A,N/A,194000000.0,2535000000.0,8387000000.0,1.49691358024691,0.4524270528984533
MET,73.6,N/A,40.66,N/A,1.77,N/A,0.7954,N/A,12.934928302625183,N/A,0.7953709743217996,N/A,N/A,574000000.0,30015000000.0,19028000000.0,0.777672402113535,0.45224423769391353
EXPE,131.79,N/A,24.82,N/A,11.24,N/A,1.34,N/A,8.430382120946538,N/A,1.7076275519261495,N/A,N/A,132000000.0,1534000000.0,2887000000.0,0.956556396970905,0.45212465179732114
SHW,331.85,N/A,35.88,N/A,22.73,N/A,3.66,N/A,22.20289328751919,N/A,8.739289616753888,N/A,N/A,356200000.0,3715800000.0,5252200000.0,1.40346729708432,0.45202354393150673
FCX,49.47,N/A,38.65,N/A,4.25,N/A,3.1,N/A,9.102577482546943,N/A,8.19508167804508,N/A,N/A,397000000.0,16693000000.0,5905000000.0,0.276847977684798,0.45200714412566984
AMZN,185.07,N/A,63.82,N/A,9.52,N/A,3.34,N/A,22.150411746079087,N/A,7.013348301863386,N/A,N/A,10624000000.0,201875000000.0,169961000000.0,1.02558161984748,0.4519423541431175
JBHT,195.33,N/A,28.02,N/A,4.92,N/A,1.57,N/A,12.535027341362678,N/A,1.7966311266741777,N/A,N/A,153536000.0,4103758000.0,3303701000.0,1.48815570115923,0.4518433978961722
MOH,376.77,N/A,20.06,N/A,5.24,N/A,0.6478,N/A,13.064967457264958,N/A,4.52667389968536,N/A,N/A,216000000.0,4215000000.0,9048000000.0,3.73702422145329,0.451715890388573
BALL,66.47,N/A,29.81,N/A,5.57,N/A,1.5,N/A,13.534125724202626,N/A,10.807024735580525,N/A,N/A,154000000.0,3769000000.0,3403000000.0,0.488392743879234,0.45161518723536315
FE,38.01,N/A,19.8,N/A,2.1,N/A,1.7,N/A,12.811969541609448,N/A,5.672225328428988,N/A,N/A,157000000.0,10437000000.0,3146000000.0,0.273519163763066,0.45157781300041305
CVX,161.6,N/A,14.21,N/A,1.86,N/A,1.52,N/A,6.423770616932999,N/A,4.0241864232535995,N/A,N/A,2259000000.0,160957000000.0,48933000000.0,1.21309628461741,0.45147340746597947
HCA,328.8,N/A,17.34,N/A,-49.02,N/A,1.34,N/A,9.871194346063177,N/A,1.9335799046915405,N/A,N/A,1607000000.0,-1774000000.0,17303000000.0,6.01784758031598,0.4512329762107569
LOW,239.32,N/A,18.13,N/A,-9.1,N/A,1.59,N/A,12.929646906358295,N/A,5.950219561607267,N/A,N/A,1017000000.0,-15050000000.0,18603000000.0,1.77797202797203,0.4511292490958973
TRMB,61.45,N/A,49.16,N/A,3.35,N/A,3.97,N/A,24.407018606423517,N/A,7.345597899651853,N/A,N/A,63000000.0,4500100000.0,932400000.0,0.254339927331449,0.4509857137751105
CI,362.45,N/A,20.84,N/A,2.29,N/A,0.5427,N/A,13.2200944204732,N/A,0.8610881865666947,N/A,N/A,1029000000.0,46223000000.0,51114000000.0,3.53253779712453,0.45097386027932673
PEP,169.14,N/A,25.78,N/A,12.56,N/A,2.54,N/A,16.224604164993,N/A,5.375811071486186,N/A,N/A,1302000000.0,18503000000.0,27850000000.0,0.948979591836735,0.4509661432307029
PPL,27.22,N/A,27.22,N/A,1.44,N/A,2.42,N/A,12.257477380721221,N/A,6.160781590449634,N/A,N/A,112000000.0,13933000000.0,2031000000.0,0.151940016252155,0.4508709873541707
TYL,415.18,N/A,107.01,N/A,6.0,N/A,9.03,N/A,59.15689071073991,N/A,20.704275306618566,N/A,N/A,38903000.0,2937995000.0,480935000.0,0.921937578500841,0.45078745131806786
UDR,36.51,N/A,27.25,N/A,3.05,N/A,7.39,N/A,18.118847451509126,N/A,10.949054143131095,N/A,N/A,31764000.0,3991144000.0,413273000.0,0.0966781716247558,0.45068483150939453
STT,75.8,N/A,13.58,N/A,1.05,N/A,1.25,N/A,8.905573028015564,N/A,1.2493080066593887,N/A,N/A,172000000.0,23799000000.0,4664000000.0,0.562621028942273,0.4506155092238351
CAH,109.92,N/A,43.45,N/A,-7.75,N/A,0.1237,N/A,8.962037417611741,N/A,3.718265731801827,N/A,N/A,353000000.0,-3449000000.0,57445000000.0,1.44081632653061,0.4505733312574933
TAP,67.35,N/A,15.41,N/A,1.02,N/A,1.15,N/A,8.893894904290429,N/A,4.317879301409998,N/A,N/A,103300000.0,13196000000.0,2790800000.0,0.48046511627907,0.4504484471067596
BDX,246.17,N/A,58.61,N/A,2.81,N/A,3.65,N/A,19.731026218757165,N/A,10.670511574900793,N/A,N/A,281000000.0,25333000000.0,4706000000.0,0.968588101877544,0.45020827481234355
ABBV,170.0,N/A,62.5,N/A,29.06,N/A,5.54,N/A,15.760360347782715,N/A,10.252160195557915,N/A,N/A,812000000.0,10360000000.0,14301000000.0,0.459276018099547,0.4499798459419873
EVRG,52.2,N/A,16.47,N/A,1.24,N/A,2.18,N/A,10.612406805984026,N/A,6.257073360492351,N/A,N/A,58000000.0,9663100000.0,1187900000.0,0.252393385552655,0.44987634489753675
COST,713.72,N/A,46.71,N/A,15.25,N/A,1.27,N/A,29.31951133545548,N/A,10.155388026526575,N/A,N/A,1743000000.0,20760000000.0,58442000000.0,3.92663080208699,0.44973626038865516
FOXA,31.02,N/A,18.57,N/A,1.38,N/A,0.9703,N/A,6.657601814868278,N/A,1.267308829360445,N/A,N/A,109000000.0,10252000000.0,4234000000.0,0.226611226611227,0.4497124311085951
PWR,263.2,N/A,52.64,N/A,6.12,N/A,1.84,N/A,28.990451026933922,N/A,14.051201933821481,N/A,N/A,210908000.0,6272241000.0,5783948000.0,1.44910130269884,0.449665983734952
POOL,396.25,N/A,29.68,N/A,11.62,N/A,2.75,N/A,20.634183068914858,N/A,9.780890452301264,N/A,N/A,51159000.0,1312787000.0,1003051000.0,1.33341152552975,0.44949188380951793
ENPH,112.27,N/A,36.69,N/A,15.52,N/A,6.66,N/A,27.72845495987003,N/A,14.046020687120413,N/A,N/A,20919000.0,983624000.0,302570000.0,0.15376755878656,0.4494206203550741
NTRS,86.78,N/A,17.08,N/A,1.61,N/A,1.46,N/A,8.433253862532153,N/A,1.464172441200794,N/A,N/A,106500000.0,11897900000.0,3268700000.0,0.516625869392808,0.44936030401948096
ELV,507.35,N/A,20.12,N/A,3.0,N/A,0.6936,N/A,14.868156282450675,N/A,0.9363333137147192,N/A,N/A,856000000.0,39306000000.0,42454000000.0,3.65499573014517,0.4493432861704229
BR,202.75,N/A,35.32,N/A,11.55,N/A,3.78,N/A,18.66471538282427,N/A,14.409547109019774,N/A,N/A,70300000.0,2067700000.0,1405000000.0,0.597281223449448,0.4490897812319658
HLT,211.69,N/A,49.0,N/A,-22.62,N/A,5.22,N/A,25.633136952282157,N/A,6.793034974158786,N/A,N/A,147000000.0,-2360000000.0,2609000000.0,0.569767441860465,0.4482890229283109
KMX,81.49,N/A,25.95,N/A,2.13,N/A,0.4832,N/A,14.116401284189045,N/A,5.179069955153348,N/A,N/A,82003000.0,6044365000.0,6148538000.0,0.517545409792611,0.4481686962569828
TFX,216.77,N/A,28.79,N/A,2.3,N/A,3.43,N/A,14.664397282162343,N/A,7.1662756539284285,N/A,N/A,31105000.0,4440988000.0,773909000.0,0.66178034977235,0.4480741366285151
MTD,1300.84,N/A,36.24,N/A,-185.56,N/A,7.34,N/A,25.899323962406328,N/A,13.310808024946393,N/A,N/A,184794000.0,-149938000.0,934992000.0,8.56025421815821,0.4480654065896936
DOC,18.63,N/A,33.51,N/A,2.08,N/A,6.06,N/A,13.372164363358278,N/A,6.061168875971285,N/A,N/A,6795000.0,2763527000.0,130997000.0,0.0284901607248833,0.44795601212116215
LYB,104.78,N/A,16.17,N/A,2.63,N/A,0.8272,N/A,8.229210345919372,N/A,7.9584508575504,N/A,N/A,181000000.0,12930000000.0,9929000000.0,0.556923076923077,0.44789208943300035
LHX,208.96,N/A,32.45,N/A,2.12,N/A,2.05,N/A,17.3317658568114,N/A,10.226860471347546,N/A,N/A,158000000.0,18765000000.0,5340000000.0,0.832894043226147,0.4478612700771379
WELL,91.76,N/A,139.94,N/A,2.13,N/A,8.17,N/A,31.326574628144026,N/A,8.194415345314692,N/A,N/A,83911000.0,25404376000.0,1749775000.0,0.152680936854057,0.4477468032447467
EMR,114.54,N/A,5.96,N/A,3.16,N/A,4.11,N/A,24.102187845303867,N/A,9.602800984073546,N/A,N/A,142000000.0,20674000000.0,4117000000.0,0.248773651016118,0.4470641362164158
CMA,52.64,N/A,8.2,N/A,1.16,N/A,1.32,N/A,5.665520772542648,N/A,1.3396573321167884,N/A,N/A,27000000.0,6406000000.0,1289000000.0,0.203007518796992,0.4470553954792104
TSN,59.05,N/A,-23.81,N/A,0.9316,N/A,0.3194,N/A,16.101563196279667,N/A,10.097480701126308,N/A,N/A,107000000.0,18150000000.0,13319000000.0,0.308158422228878,0.44694031195318407
IRM,78.64,N/A,125.48,N/A,108.6,N/A,4.19,N/A,18.394074193538128,N/A,11.111308809094284,N/A,N/A,28482000.0,211648000.0,1419829000.0,0.0974313188222859,0.4468401096055805
BKNG,3601.9,N/A,30.68,N/A,-44.85,N/A,5.76,N/A,19.637708409678435,N/A,5.831107987409315,N/A,N/A,222000000.0,-2744000000.0,4784000000.0,6.39935429938601,0.44671012442331753
BK,56.74,N/A,14.66,N/A,1.17,N/A,1.26,N/A,10.30589136743064,N/A,1.2681208727067625,N/A,N/A,159000000.0,40874000000.0,9173000000.0,0.207191769665301,0.44663872443520636
MAR,253.93,N/A,24.94,N/A,-107.59,N/A,3.09,N/A,20.600054110383308,N/A,3.5808806579935055,N/A,N/A,848000000.0,-682000000.0,6095000000.0,2.88239292997961,0.4464292302826296
PPG,139.04,N/A,25.99,N/A,4.18,N/A,1.79,N/A,12.92652545707334,N/A,4.957954104786029,N/A,N/A,90000000.0,7832000000.0,4350000000.0,0.38135593220339,0.4464077906108139
AMT,190.17,N/A,59.8,N/A,21.13,N/A,7.96,N/A,18.365708939952054,N/A,15.937324065147902,N/A,N/A,84900000.0,4198200000.0,2786700000.0,0.182088809581003,0.446129611046522
CHRW,71.18,N/A,26.17,N/A,5.87,N/A,0.4733,N/A,15.91053452619982,N/A,3.7481942392098926,N/A,N/A,30973000.0,1418697000.0,4221887000.0,0.261146335705372,0.44608084234691264
K,57.45,N/A,20.82,N/A,6.18,N/A,1.5,N/A,13.074127898445596,N/A,5.8914468466028485,N/A,N/A,27000000.0,3175000000.0,1089000000.0,0.0984521139856697,0.4460339249402993
MCK,538.75,N/A,24.37,N/A,-34.48,N/A,0.2348,N/A,16.535018610668438,N/A,6.069153796652856,N/A,N/A,589000000.0,-2053000000.0,80898000000.0,4.44528301886792,0.4453876440304249
KEY,15.06,N/A,17.05,N/A,1.15,N/A,1.34,N/A,10.794228523183925,N/A,1.40974280470327,N/A,N/A,30000000.0,14637000000.0,2660000000.0,0.0323099689178099,0.44518087575400916
ZBRA,290.38,N/A,50.77,N/A,4.92,N/A,3.26,N/A,24.684782368650218,N/A,8.011217641073952,N/A,N/A,17000000.0,3036000000.0,1009000000.0,0.3308811858408,0.44501284767367455
HSIC,72.52,N/A,22.95,N/A,2.55,N/A,0.7553,N/A,12.512769033732317,N/A,2.9783047764827764,N/A,N/A,18000000.0,3655000000.0,3017000000.0,0.138657879084922,0.44465104767943336
AIG,77.71,N/A,15.6,N/A,1.18,N/A,1.13,N/A,6.595651040383896,N/A,1.1306548501559763,N/A,N/A,86000000.0,45351000000.0,9826000000.0,0.122680012022812,0.44461936630855564
DLR,142.6,N/A,48.5,N/A,2.42,N/A,8.13,N/A,26.14224326094982,N/A,11.015665898919147,N/A,N/A,18129000.0,19117534000.0,1369639000.0,0.0604757599917271,0.4442187279091228
AAL,13.76,N/A,12.07,N/A,-1.73,N/A,0.1707,N/A,5.7790698178757784,N/A,0.6504026253694022,N/A,N/A,19000000.0,-5202000000.0,13062000000.0,0.0230939303073802,0.4440491057405664
CNC,72.78,N/A,14.7,N/A,1.51,N/A,0.2528,N/A,11.94432789604377,N/A,0.3773021315651278,N/A,N/A,45000000.0,25840000000.0,39460000000.0,0.0842649289365766,0.44375467849882905
PNW,72.76,N/A,16.5,N/A,1.34,N/A,1.76,N/A,10.676949326087938,N/A,5.952672467583819,N/A,N/A,-23000.0,6177664000.0,991574000.0,-0.00020258070198617,0.442900546614819
BA,183.14,N/A,-49.9,N/A,-6.48,N/A,1.44,N/A,142.40784754230768,N/A,19.1745418751942,N/A,N/A,-23000000.0,-17233000000.0,22018000000.0,-0.0377730333388077,0.4427063694460392
CEG,193.08,N/A,38.54,N/A,5.57,N/A,2.44,N/A,26.138137519490254,N/A,2.7986415804639218,N/A,N/A,-37000000.0,10925000000.0,5796000000.0,-0.116352201257862,0.44198099798138574
DD,75.53,N/A,80.57,N/A,1.3,N/A,2.61,N/A,15.60305477956081,N/A,8.728569269548784,N/A,N/A,-22000000.0,24279000000.0,2898000000.0,-0.0511746917887881,0.4418679780441213
AJG,243.99,N/A,54.1,N/A,4.94,N/A,5.29,N/A,23.579487718801186,N/A,5.2883472639720415,N/A,N/A,-32200000.0,10775300000.0,2437800000.0,-0.148936170212766,0.44144858471832954
STX,89.99,N/A,-25.64,N/A,-10.39,N/A,2.91,N/A,66.48703222128852,N/A,20.93110273633157,N/A,N/A,-19000000.0,-1814000000.0,1555000000.0,-0.0909090909090909,0.44142779022022954
WRK,48.9,N/A,-7.29,N/A,1.24,N/A,0.6269,N/A,7.500704785311552,N/A,5.799991615661943,N/A,N/A,-22400000.0,10147800000.0,4620000000.0,-0.08715953307393,0.44135929243284505
GLW,32.54,N/A,48.11,N/A,2.41,N/A,2.21,N/A,33.18198554743083,N/A,8.542398721444926,N/A,N/A,-40000000.0,11551000000.0,2994000000.0,-0.0470588235294118,0.44089620423690806
DOW,59.69,N/A,71.86,N/A,2.25,N/A,0.9394,N/A,23.435529291106292,N/A,11.0694457,N/A,N/A,-97000000.0,18607000000.0,10621000000.0,-0.137862421830586,0.44065250107834525
MAS,76.9,N/A,19.13,N/A,-134.62,N/A,2.13,N/A,12.755215183322303,N/A,6.795885099435825,N/A,N/A,191000000.0,-126000000.0,1882000000.0,0.852678571428571,0.4401293760425154
CZR,42.91,N/A,11.79,N/A,2.04,N/A,0.8051,N/A,8.735104336828309,N/A,5.433625150008153,N/A,N/A,-72000000.0,4552000000.0,2825000000.0,-0.334883720930233,0.4357357205768721
F,13.28,N/A,12.3,N/A,1.22,N/A,0.2956,N/A,2.998607393933098,N/A,1.6885804828594828,N/A,N/A,-526000000.0,42773000000.0,45962000000.0,-0.131664580725907,0.435520999723197
TTWO,151.04,N/A,-17.62,N/A,3.03,N/A,4.77,N/A,-22.32001559987211,N/A,13.991668261849885,N/A,N/A,-91600000.0,8508600000.0,1366300000.0,-0.537874339401057,0.43527143367740523
AES,18.08,N/A,51.7,N/A,7.79,N/A,1.01,N/A,11.3328589632287,N/A,15.139142664536742,N/A,N/A,-94000000.0,2488000000.0,2968000000.0,-0.140718562874251,0.4350094547814354
MRK,127.99,N/A,893.16,N/A,8.63,N/A,5.39,N/A,51.58439630486376,N/A,8.004616817317967,N/A,N/A,-1226000000.0,37581000000.0,14631000000.0,-0.483820047355959,0.4335687442604687
NOC,454.5,N/A,33.59,N/A,4.55,N/A,1.71,N/A,20.137788034580645,N/A,11.911758301633338,N/A,N/A,-535000000.0,14795000000.0,10638000000.0,-3.55481727574751,0.4335522802246008
CTVA,56.85,N/A,55.19,N/A,1.59,N/A,2.31,N/A,14.08432104067071,N/A,5.403552132083219,N/A,N/A,-253000000.0,25037000000.0,3707000000.0,-0.359426054837335,0.43341752250811005
VTR,43.09,N/A,-426.63,N/A,1.83,N/A,3.87,N/A,13.80272208670035,N/A,3.8708611476163934,N/A,N/A,-90819000.0,9488058000.0,1164392000.0,-0.2248234341774,0.43337106625787253
CCL,15.12,N/A,47.38,N/A,2.54,N/A,0.752,N/A,9.46429738967527,N/A,2.0147332237337707,N/A,N/A,-214000000.0,6682000000.0,5407000000.0,-0.169303797468354,0.4322749204729061
HUM,313.11,N/A,15.66,N/A,2.32,N/A,0.3551,N/A,10.527967743709029,N/A,0.46803504108146726,N/A,N/A,-541000000.0,16262000000.0,26462000000.0,-4.4178051429458,0.43188793899213485
ARE,124.58,N/A,230.32,N/A,1.18,N/A,7.55,N/A,16.98093634367077,N/A,15.318688782093828,N/A,N/A,-91927000.0,18471175000.0,757216000.0,-0.537276882254614,0.4306202701551645
LUV,28.34,N/A,39.0,N/A,1.61,N/A,0.6481,N/A,7.699010642611684,N/A,0.5152149239967805,N/A,N/A,-252000000.0,10515000000.0,6823000000.0,-0.423529411764706,0.4301768977255793
ABNB,161.77,N/A,22.34,N/A,12.82,N/A,10.56,N/A,61.86405675608194,N/A,11.76426304516679,N/A,N/A,-349000000.0,8165000000.0,2218000000.0,-0.546165884194053,0.42797409431826816
LH,211.26,N/A,44.29,N/A,2.26,N/A,1.46,N/A,16.671734196408615,N/A,6.649568921810455,N/A,N/A,-167100000.0,7875000000.0,2293200000.0,-3.00239329016307,0.42787668904098014
WBD,8.32,N/A,-6.5,N/A,0.4488,N/A,0.4912,N/A,8.47826423608959,N/A,3.5836378572194105,N/A,N/A,-400000000.0,45226000000.0,10284000000.0,-0.164136233073451,0.4271393816111034
VZ,42.12,N/A,15.26,N/A,1.92,N/A,1.32,N/A,7.036076720149495,N/A,4.1181604473428,N/A,N/A,-2705000000.0,92430000000.0,35130000000.0,-0.641603415559772,0.42680660852042607
WDC,73.11,N/A,-10.14,N/A,2.18,N/A,2.12,N/A,-28.86952034660194,N/A,30.68689985242518,N/A,N/A,-301000000.0,10944000000.0,3032000000.0,-0.926153846153846,0.4267325138340902
C,61.6,N/A,15.36,N/A,0.6281,N/A,0.7508,N/A,6.464363618760616,N/A,0.7969326714085002,N/A,N/A,-2199000000.0,205453000000.0,40094000000.0,-1.15148976278997,0.42653648990802573
NCLH,18.89,N/A,48.59,N/A,26.73,N/A,0.9404,N/A,12.473378276483936,N/A,3.1560098560308787,N/A,N/A,-106485000.0,300807000.0,1986456000.0,-0.250277669306885,0.4260902894937059
QRVO,115.09,N/A,-53.78,N/A,3.05,N/A,3.21,N/A,61.54171738642737,N/A,9.882635825707904,N/A,N/A,-126938000.0,3638347000.0,1073861000.0,-1.30659173254282,0.4260117125457244
ILMN,127.75,N/A,-17.38,N/A,3.54,N/A,4.52,N/A,-670.3185623870968,N/A,7.08002570153322,N/A,N/A,-176000000.0,5745000000.0,1122000000.0,-1.11392405063291,0.4247335484008807
IP,38.66,N/A,46.86,N/A,1.61,N/A,0.7098,N/A,9.196358130914103,N/A,3.78673570096463,N/A,N/A,-284000000.0,8355000000.0,4601000000.0,-0.820572088991621,0.42410585315607513
SWK,95.41,N/A,-46.09,N/A,1.62,N/A,0.9299,N/A,22.602095149434998,N/A,5.454248043273274,N/A,N/A,-304400000.0,9056100000.0,3736500000.0,-2.03009123406072,0.42253782766450265
CTLT,56.75,N/A,-7.9,N/A,2.78,N/A,2.5,N/A,99.55538447682119,N/A,20.45287490612245,N/A,N/A,-206000000.0,3687000000.0,1024000000.0,-1.13186813186813,0.41379725535178075
PFE,26.66,N/A,71.86,N/A,1.7,N/A,2.58,N/A,21.42535944724233,N/A,6.265617757378808,N/A,N/A,-3370000000.0,89014000000.0,14248000000.0,-0.596882748848742,0.4096879762071384
CMI,300.67,N/A,58.38,N/A,4.65,N/A,1.21,N/A,11.475109983452139,N/A,5.464205602497272,N/A,N/A,-1431000000.0,8850000000.0,8543000000.0,-10.0916784203103,0.4064622264936508
PFG,84.51,N/A,33.14,N/A,1.83,N/A,1.37,N/A,10.31634708415278,N/A,1.366554405511946,N/A,N/A,-871700000.0,10916000000.0,3611500000.0,-3.66260504201681,0.39540631074591914
ALB,123.45,N/A,9.24,N/A,1.54,N/A,1.51,N/A,7.215954101829946,N/A,14.99717494849942,N/A,N/A,-617680000.0,9412180000.0,2356165000.0,-5.26334625708321,0.39440322078153894
VTRS,11.8,N/A,260.49,N/A,0.6916,N/A,0.9176,N/A,8.381067135721574,N/A,4.847236635293386,N/A,N/A,-765600000.0,20467400000.0,3837300000.0,-0.637893684385936,0.39230531934077373
DLTR,130.71,N/A,-28.73,N/A,3.9,N/A,0.931,N/A,-765.5382422303921,N/A,3.347045616386978,N/A,N/A,-1709800000.0,7313100000.0,8639900000.0,-7.84671867829279,0.38630399572852037
PM,89.48,N/A,17.82,N/A,-12.39,N/A,3.95,N/A,13.352949027729384,N/A,8.255923244288857,N/A,N/A,2191000000.0,-11225000000.0,-2252000000.0,1.41172680412371,0.374862621230269
ES,58.51,N/A,-46.44,N/A,1.45,N/A,1.72,N/A,14.617145279855679,N/A,7.003602187716538,N/A,N/A,-1288484000.0,14173892000.0,2694238000.0,-3.68202572831495,0.36426899085054004
MTCH,33.71,N/A,14.28,N/A,-462.18,N/A,2.69,N/A,11.69902616924225,N/A,4.981675189276869,N/A,N/A,229658000.0,-19548000.0,866228000.0,0.849088274005827,0.3418590761540434
IVZ,16.65,N/A,-22.76,N/A,0.7064,N/A,1.31,N/A,14.96632207083632,N/A,2.557658671716465,N/A,N/A,-742300000.0,14597600000.0,1413400000.0,-1.64407530454042,0.3381529137281111
TFC,38.09,N/A,-34.94,N/A,0.9696,N/A,1.53,N/A,7.293338283787661,N/A,1.632609687445804,N/A,N/A,-5167000000.0,59101000000.0,8421000000.0,-3.87396674851455,0.3289357437225697
NEM,39.65,N/A,-13.35,N/A,1.57,N/A,3.87,N/A,18.10316189058701,N/A,10.193429118521417,N/A,N/A,-3158000000.0,29027000000.0,3957000000.0,-3.22244897959184,0.32738150699143514
IFF,83.34,N/A,-8.29,N/A,1.46,N/A,1.85,N/A,24.361114634340222,N/A,8.325531706058136,N/A,N/A,-2606000000.0,14611000000.0,2703000000.0,-10.2196078431373,0.28714901188738245
HAS,56.42,N/A,-5.26,N/A,7.37,N/A,1.57,N/A,14.863839764966128,N/A,3.260551148515452,N/A,N/A,-1061100000.0,1061900000.0,1288900000.0,-7.63381294964029,0.28038366689103983
WBA,19.13,N/A,-2.73,N/A,1.22,N/A,0.1141,N/A,36.050864233618235,N/A,0.941717150107911,N/A,N/A,-5908000000.0,13485000000.0,37052000000.0,-6.84985507246377,0.1961182920012051
GOOG,153.94,N/A,26.36,N/A,6.39,N/A,5.89,N/A,17.896534847011843,N/A,9.832753744716046,N/A,N/A,,,,,
AON,318.99,N/A,,N/A,,N/A,,N/A,,N/A,,N/A,N/A,,,,,
BRK.B,418.62,N/A,0.01,N/A,1.61,N/A,2.44,N/A,14.659008481599335,N/A,5.675366834263049,N/A,N/A,,,,,
CPAY,306.2,N/A,23.2,N/A,6.74,N/A,5.88,N/A,13.764543214186647,N/A,7.30254098297398,N/A,N/A,,,,,
FOX,28.45,N/A,17.04,N/A,1.38,N/A,0.9703,N/A,6.657601814868278,N/A,1.267308829360445,N/A,N/A,,,,,
GEV,122.7,N/A,,N/A,,N/A,,N/A,,N/A,,N/A,N/A,,,,,
NWS,26.46,N/A,66.78,N/A,1.81,N/A,1.49,N/A,11.51020220057102,N/A,1.618243179427998,N/A,N/A,,,,,
SOLV,70.06,N/A,,N/A,,N/A,,N/A,,N/A,,N/A,N/A,,,,,
VLTO,87.09,N/A,25.61,N/A,15.55,N/A,4.28,N/A,19.045258145884272,N/A,8.055336692519822,N/A,N/A,,,,,
