Ticker,Price,Number of Shares to Buy,Price-to-Earnings Ratio,PE Percentile,Price-to-Book Ratio,PB Percentile,Price-to-Sales Ratio,PS Percentile,EV/EBITDA,EV/EBITDA Percentile,EV/GP,EV/GP Percentile,RV Score,composite_score
MRK,127.99,,893.16,,8.63,,5.39,,51.58439630486376,,8.004616817317967,,,0.6038649290160777
CLX,145.94,,227.14,,341.74,,2.48,,22.143868365405407,,6.693816417647059,,,0.30563392897129293
AMD,170.42,,324.3,,4.93,,12.14,,85.19648854852849,,23.865776567619715,,,0.2200635944287698
VTRS,11.8,,260.49,,0.6916,,0.9176,,8.381067135721574,,4.847236635293386,,,0.17529965515697074
HD,357.87,,23.68,,339.71,,2.32,,16.214014230522945,,7.751291496938776,,,0.1680460387836446
ARE,124.58,,230.32,,1.18,,7.55,,16.98093634367077,,15.318688782093828,,,0.1552510188544046
IRM,78.64,,125.48,,108.6,,4.19,,18.394074193538128,,11.111308809094284,,,0.13293027005239824
LLY,784.21,,135.21,,69.17,,21.84,,64.74694077324153,,28.379147356620653,,,0.12180796273903892
DAY,61.04,,176.57,,3.96,,6.27,,50.74002273136568,,10.98670986135182,,,0.12038828429396749
AXON,309.9,,134.16,,14.51,,14.96,,121.34141883506643,,23.80477977186089,,,0.09662322540194367
WELL,91.76,,139.94,,2.13,,8.17,,31.326574628144023,,8.194415345314692,,,0.09496170898831117
DXCM,138.93,,109.39,,25.89,,14.79,,67.88232871690428,,23.29868383939884,,,0.08507994088405213
VRSK,227.65,,54.59,,105.3,,12.17,,24.914519208123984,,19.50618155742701,,,0.0838304447131533
EL,144.43,,111.1,,5.89,,2.22,,20.9078890679558,,3.566419678918104,,,0.07727170943615924
TYL,415.18,,107.01,,6.0,,9.03,,59.15689071073991,,20.70427530661857,,,0.07457342469434368
CL,87.88,,31.73,,118.61,,3.71,,19.040828391459925,,7.047426506886809,,,0.07443459178646603
NVDA,880.08,,73.77,,51.19,,36.12,,63.33889211136891,,49.29741992280084,,,0.0724819741143804
NOW,783.5,,93.05,,21.1,,17.94,,118.97847672809668,,22.344326693333333,,,0.07195799184916477
CSGP,94.75,,102.89,,5.27,,15.76,,106.22922392912172,,17.556090229182583,,,0.07147879439294191
PTC,185.28,,93.58,,7.89,,10.15,,47.00255309813753,,13.98889625814181,,,0.06639795781270992
INTC,38.71,,96.53,,1.55,,3.02,,19.50564517803384,,8.654501404817834,,,0.065540328720498
CDNS,308.02,,80.63,,24.63,,20.5,,65.10902981880662,,22.808989404765324,,,0.06519548569125352
UBER,77.16,,85.53,,12.76,,3.85,,74.59238277536598,,9.968126705207773,,,0.06317121232477943
LDOS,128.66,,89.35,,4.14,,1.13,,12.802983023451594,,9.48812868449198,,,0.06187693134488781
MSI,352.3,,35.48,,80.84,,5.87,,24.632768774206195,,12.64349962635815,,,0.060038514935733804
SMCI,948.02,,73.78,,17.23,,5.73,,58.08505527994487,,34.74506717838514,,,0.057279770701777956
MPWR,654.31,,74.69,,15.53,,17.48,,58.88229044038751,,30.09531985008603,,,0.05712974159165211
ISRG,388.39,,77.21,,10.34,,19.32,,60.51409311294892,,28.00320206935194,,,0.056498275784853766
CMG,2905.42,,65.53,,26.02,,8.07,,40.9143385183681,,11.262194072352903,,,0.05567423529938645
MA,477.15,,40.33,,63.77,,17.61,,29.21701599641601,,17.86454408642123,,,0.05565184289489006
ABBV,170.0,,62.5,,29.06,,5.54,,15.760360347782717,,10.252160195557916,,,0.05500022392404496
DD,75.53,,80.57,,1.3,,2.61,,15.60305477956081,,8.728569269548784,,,0.05470688342514218
ADSK,244.74,,57.72,,35.32,,9.79,,44.68098897370653,,10.774981795868277,,,0.05459268216221058
EQIX,784.41,,76.08,,5.94,,9.06,,26.79681913640992,,22.249582401417204,,,0.053768641676743244
IT,470.36,,42.45,,53.9,,6.21,,29.04940276798646,,9.448066995760938,,,0.05265573917327243
BX,127.58,,69.34,,13.37,,11.36,,28.81786991906188,,12.319253153963787,,,0.05256840879573649
CRM,301.91,,71.88,,4.91,,8.4,,28.929975898774856,,10.947131022951815,,,0.05048591517757177
DIS,118.38,,72.63,,2.16,,2.44,,16.089595864547555,,8.438171767562965,,,0.049758162031438936
AMT,190.17,,59.8,,21.13,,7.96,,18.365708939952054,,15.937324065147902,,,0.04963500380670876
ORCL,124.9,,33.04,,61.05,,6.54,,22.594436699018715,,11.218115864859827,,,0.04953647722692463
DOW,59.69,,71.86,,2.25,,0.9394,,23.43552929110629,,11.0694457,,,0.049281203815665725
PFE,26.66,,71.86,,1.7,,2.58,,21.42535944724233,,6.265617757378808,,,0.049034887366205385
SNPS,575.45,,63.45,,13.15,,14.31,,60.194810698715024,,17.785490064243923,,,0.048513144341439385
INTU,635.74,,65.0,,10.53,,11.79,,44.428585342098856,,15.28209380234506,,,0.04838102915491066
IDXX,519.54,,51.64,,29.07,,11.79,,36.008736526802835,,19.928987604853035,,,0.04770925702001881
AMZN,185.07,,63.82,,9.52,,3.34,,22.150411746079087,,7.013348301863386,,,0.04713601146491111
PODD,165.0,,58.93,,15.75,,6.8,,41.8351962090164,,10.56069096473834,,,0.04664113932554078
COO,98.6,,67.53,,2.55,,5.35,,30.59649043897069,,9.175664246450976,,,0.04650678489856241
NWS,26.46,,66.78,,1.81,,1.49,,11.51020220057102,,1.618243179427998,,,0.04567154821084689
BSX,68.56,,64.07,,5.22,,7.06,,33.53500036579353,,10.997582232137445,,,0.04537820771194411
NCLH,18.89,,48.59,,26.73,,0.9404,,12.473378276483936,,3.1560098560308787,,,0.044612387478167405
NWSA,25.66,,64.77,,1.81,,1.49,,11.51020220057102,,1.618243179427998,,,0.044321286219714276
ROL,45.37,,51.13,,19.02,,7.15,,32.50677585755928,,13.951740243743478,,,0.04286577992744861
ANSS,341.87,,59.66,,5.52,,13.11,,40.626062931293234,,14.25355562762996,,,0.04255004702404944
EFX,256.15,,58.22,,7.02,,6.04,,24.16226456099456,,12.735470252892393,,,0.042254467284697034
NFLX,636.18,,52.88,,13.65,,8.33,,13.41181573443885,,20.59308861352738,,,0.04163643692059654
COR,243.22,,26.49,,53.22,,0.1787,,13.047934529229671,,5.432285086473773,,,0.041629719199247614
CMI,300.67,,58.38,,4.65,,1.21,,11.47510998345214,,5.464205602497272,,,0.04130055085315062
BDX,246.17,,58.61,,2.81,,3.65,,19.731026218757165,,10.670511574900791,,,0.0406310179587084
CTAS,673.69,,48.85,,17.1,,7.43,,30.2723564808192,,16.09006162719863,,,0.040474271127233646
MCO,392.47,,44.91,,21.59,,12.11,,29.21780389908257,,12.919840263691684,,,0.039838326839536024
ALGN,317.58,,54.66,,6.57,,6.18,,28.632357273279062,,8.452155960977707,,,0.03966142684401451
AJG,243.99,,54.1,,4.94,,5.29,,23.579487718801182,,5.2883472639720415,,,0.038555242061892606
AES,18.08,,51.7,,7.79,,1.01,,11.3328589632287,,15.139142664536742,,,0.03821935599444669
COST,713.72,,46.71,,15.25,,1.27,,29.31951133545548,,10.155388026526577,,,0.038208159792198486
PWR,263.2,,52.64,,6.12,,1.84,,28.99045102693392,,14.05120193382148,,,0.03810291549106543
WST,394.03,,50.0,,10.01,,9.78,,32.69713677991651,,24.9716708811548,,,0.03807156612477048
CTVA,56.85,,55.19,,1.59,,2.31,,14.08432104067071,,5.403552132083219,,,0.037787182587666265
AVGO,1339.43,,50.26,,8.83,,15.97,,34.81049806695135,,23.732620783800645,,,0.03771776613372744
ADBE,485.12,,46.29,,14.06,,10.9,,29.99702479338843,,12.195259681093392,,,0.03739307626852972
KMB,126.31,,24.24,,46.51,,2.08,,12.30016270522388,,7.0316629799488055,,,0.03711317121232478
SPGI,431.59,,52.44,,4.04,,11.06,,28.351357270590483,,17.755224102082337,,,0.037037037037037035
KLAC,682.84,,34.68,,30.34,,9.55,,24.038853800065915,,16.418852901334805,,,0.03688476868646155
PANW,269.01,,41.58,,19.95,,11.55,,92.10047577948,,15.31565528624482,,,0.036866854762864436
ZBRA,290.38,,50.77,,4.92,,3.26,,24.684782368650215,,8.011217641073952,,,0.03630928389090421
ANET,297.6,,45.23,,12.89,,15.88,,37.52236993114148,,24.24930602644809,,,0.03615701554032872
ECL,227.75,,47.55,,8.09,,4.25,,23.90868853565884,,11.739700063906056,,,0.03556585606162389
IR,94.81,,49.9,,3.91,,5.56,,24.46589980615098,,13.662433466796198,,,0.035272515562721124
BXP,61.35,,50.7,,1.64,,2.94,,14.994601801044777,,7.446125199438289,,,0.03479331810649828
TECH,66.99,,48.19,,5.36,,9.2,,29.027714055455004,,14.104973964336915,,,0.03477316494245152
TRMB,61.45,,49.16,,3.35,,3.97,,24.40701860642352,,7.345597899651853,,,0.034524609252541534
SHW,331.85,,35.88,,22.73,,3.66,,22.20289328751919,,8.739289616753888,,,0.03428277128398048
DLR,142.6,,48.5,,2.42,,8.13,,26.14224326094982,,11.015665898919147,,,0.033664740919879976
AAPL,169.58,,26.41,,35.34,,6.79,,20.3950086464426,,15.2793165236568,,,0.033568453580545485
GLW,32.54,,48.11,,2.41,,2.21,,33.18198554743083,,8.542398721444926,,,0.03339827130637288
CCL,15.12,,47.38,,2.54,,0.752,,9.46429738967527,,2.0147332237337707,,,0.03296609789959246
XYL,128.27,,45.97,,3.06,,4.22,,27.79850225171821,,11.909258969819652,,,0.032251780196157466
IP,38.66,,46.86,,1.61,,0.7098,,9.196358130914104,,3.78673570096463,,,0.032200277665815756
LRCX,968.58,,37.47,,15.44,,8.87,,28.79825115781584,,19.207886247158832,,,0.03208607640288414
SYK,351.02,,42.55,,7.18,,6.52,,31.59976210680467,,10.98901207895543,,,0.031799453625330286
MSFT,425.52,,38.47,,13.27,,13.89,,26.77451054146441,,19.875901497237532,,,0.03178601818263245
RTX,101.69,,45.6,,2.26,,1.96,,22.437103337887063,,14.26516471627099,,,0.03164494603430516
ENPH,112.27,,36.69,,15.52,,6.66,,27.72845495987003,,14.046020687120413,,,0.031597921984862734
FAST,76.63,,37.94,,13.09,,5.97,,25.7261993059789,,13.083588020867492,,,0.031349366294952746
EW,92.7,,40.3,,8.39,,9.29,,29.2348912580094,,11.838076615783784,,,0.030829862510636394
ETN,330.51,,41.21,,6.94,,5.69,,28.829504261068383,,16.445191486838986,,,0.030791795422992523
LH,211.26,,44.29,,2.26,,1.46,,16.671734196408615,,6.649568921810455,,,0.030764924537596848
WM,206.93,,36.56,,12.03,,4.07,,16.93714398165924,,12.635715855370844,,,0.02994760177347844
ITW,262.94,,27.0,,26.08,,4.88,,20.62390376932338,,12.612438868207922,,,0.029817725827399347
ROP,543.01,,42.13,,3.33,,9.41,,24.09407946657664,,14.91223928352526,,,0.029793094182453315
ADP,244.85,,28.5,,23.29,,5.41,,19.706706815018173,,5.484287653610244,,,0.029575887858838284
TSLA,164.9,,38.35,,8.38,,5.53,,42.59924706271244,,31.588401980718334,,,0.029515428366698022
TER,107.27,,39.29,,6.5,,6.13,,28.79824144536561,,10.144639991072056,,,0.029304939764431905
GNRC,134.41,,41.1,,3.46,,2.01,,19.303174182494555,,6.939216230626081,,,0.029159389135205344
APH,117.38,,37.74,,8.44,,5.61,,24.357815985136305,,17.89575736269925,,,0.029132518249809666
SBAC,213.4,,46.29,,-4.46,,8.51,,19.216977194753103,,16.76389800529976,,,0.029098929643065072
BR,202.75,,35.32,,11.55,,3.78,,18.66471538282427,,14.409547109019774,,,0.028899637243047165
O,53.01,,42.07,,1.39,,11.19,,18.912649240450545,,16.476400022995872,,,0.028883962559899685
ZTS,165.86,,32.71,,15.18,,8.88,,24.69543335084485,,13.435339387765335,,,0.02877200053741771
CDW,255.19,,31.5,,16.77,,1.6,,20.14068262861242,,8.448662242713437,,,0.028671234717183934
WAT,335.94,,30.99,,17.29,,6.73,,25.69653669225178,,12.405266871944187,,,0.0285615119351516
INVH,34.77,,41.1,,2.1,,8.76,,21.49218891920057,,11.981170883426977,,,0.028550315732903404
CEG,193.08,,38.54,,5.57,,2.44,,26.13813751949025,,2.7986415804639218,,,0.02838461193963008
VMC,270.15,,38.7,,4.77,,4.59,,19.375789820668235,,19.85111071028997,,,0.028133817009270458
MET,73.6,,40.66,,1.77,,0.7954,,12.934928302625185,,0.7953709743217996,,,0.02810694612387478
FCX,49.47,,38.65,,4.25,,3.1,,9.102577482546945,,8.19508167804508,,,0.027867347395763357
TT,304.67,,34.74,,9.89,,3.91,,22.4751224471793,,12.440516712080855,,,0.027766581575529584
HWM,67.06,,36.64,,6.91,,4.14,,20.434554630173565,,16.39580226888056,,,0.027708361323838956
MNST,55.9,,36.3,,7.07,,8.15,,27.156980623591608,,14.474249826445902,,,0.027551614492364193
JNPR,37.07,,38.95,,2.68,,2.16,,16.508389707912904,,3.883356484587276,,,0.027365757535044114
FICO,1231.65,,68.85,,-42.17,,19.74,,49.485105739369416,,26.28994460906505,,,0.027365757535044107
META,527.34,,35.46,,7.9,,8.97,,20.066740188696507,,10.670223808698127,,,0.0273590398136952
AVY,218.11,,35.18,,8.25,,2.1,,16.31405765488829,,9.04131880219539,,,0.02732769044740024
TMO,579.46,,37.51,,4.73,,5.16,,23.23443101875293,,14.490947766959064,,,0.02731649424515204
LIN,464.7,,36.91,,5.63,,6.81,,19.746077642124423,,15.537728585991408,,,0.02731649424515204
DHR,244.28,,38.29,,3.38,,7.57,,26.25381929913138,,13.783535741484965,,,0.027235881588965023
FDS,433.17,,34.3,,9.16,,7.67,,21.272705339177403,,15.372679578041552,,,0.0271440727305298
EPAM,264.36,,37.44,,4.4,,3.26,,21.352604398338507,,9.216310841644432,,,0.027121680326033407
PLD,124.74,,38.86,,2.17,,14.38,,23.8272974504939,,17.929980682794437,,,0.02707689551704062
LUV,28.34,,39.0,,1.61,,0.6481,,7.699010642611684,,0.5152149239967805,,,0.026920148685565855
HOLX,77.98,,37.31,,3.93,,4.61,,16.71688779816514,,7.908465073032301,,,0.02682386134623136
LVS,53.18,,33.24,,9.7,,3.85,,13.554165140876318,,9.466651074569048,,,0.02667383223610551
STE,213.48,,37.45,,3.29,,3.9,,17.420539015461976,,10.26819058509657,,,0.026631286667562364
CARR,56.44,,35.72,,5.85,,2.3,,17.09491267380509,,8.629141255679148,,,0.026615611984414887
V,277.14,,31.93,,11.5,,13.14,,19.017757294594823,,13.35593869311265,,,0.02659993730126741
PAYC,198.29,,33.72,,8.76,,6.74,,19.668210665699576,,7.563291513801255,,,0.026575305656321376
ESS,237.68,,37.61,,2.81,,9.14,,18.4158555107662,,12.624054915103974,,,0.02652380312597967
TDG,1235.28,,52.43,,-19.55,,9.85,,26.51236260368098,,21.126937689562453,,,0.02646558287428904
DECK,879.89,,31.86,,10.73,,5.48,,22.15119541112871,,9.336631356982936,,,0.026208070222580503
A,144.12,,34.4,,6.83,,6.27,,27.345697287166452,,12.640859773861967,,,0.02616776389448699
HES,157.45,,35.07,,5.38,,4.6,,11.220937179243377,,5.276861618970602,,,0.025968471494469077
GWW,1014.83,,27.8,,16.01,,3.03,,18.03917809982487,,7.928240990609606,,,0.025845313269738907
NTAP,105.05,,23.87,,21.81,,3.51,,14.283503199189736,,4.883164413204063,,,0.025802767701195755
CAH,109.92,,43.45,,-7.75,,0.1237,,8.962037417611741,,3.718265731801827,,,0.025717676564109455
RSG,188.4,,34.44,,5.62,,3.96,,17.044590203250106,,11.947600266343423,,,0.02565273859106991
JKHY,170.03,,33.27,,7.18,,5.74,,18.544920260258287,,14.019014567885325,,,0.025565408213533973
IQV,241.45,,33.12,,7.17,,2.92,,17.614618644067797,,10.71200133613285,,,0.025460163912400913
CHD,102.0,,33.44,,6.45,,4.24,,20.862531359095485,,10.407489566930655,,,0.02535268037081822
TRGP,115.97,,31.34,,9.42,,1.61,,9.73693716309911,,7.173167010902877,,,0.025272067714631197
POOL,396.25,,29.68,,11.62,,2.75,,20.634183068914854,,9.780890452301264,,,0.02514219176855211
ABT,111.2,,34.01,,5.0,,4.81,,23.72720191106111,,9.05179781950845,,,0.025086210757311118
MKTX,225.39,,32.9,,6.6,,11.01,,20.98327632494413,,11.013314797179769,,,0.025057100631465806
AMGN,269.95,,21.61,,23.21,,5.13,,16.57255241686163,,10.048143640761944,,,0.02491155000223924
NOC,454.5,,33.59,,4.55,,1.71,,20.137788034580645,,11.911758301633338,,,0.024602534820188995
ADI,194.76,,34.78,,2.72,,8.35,,23.499993403821858,,14.151449544460649,,,0.024582381656142238
FTV,84.27,,34.68,,2.87,,4.88,,19.722207021691293,,8.727684334882168,,,0.024582381656142238
PGR,211.0,,32.07,,6.25,,1.99,,23.70930261319162,,1.989493603911941,,,0.024342782928030812
MLM,619.41,,32.89,,4.77,,5.65,,19.49978931177524,,20.452315359438348,,,0.024230820905548837
LULU,356.87,,29.25,,10.19,,4.49,,18.48795067822024,,7.29111271997654,,,0.02421290698195172
STZ,265.63,,32.59,,5.13,,4.6,,20.888645465495696,,10.599219688061437,,,0.02419051457745533
EA,130.29,,32.9,,4.62,,4.55,,20.137861931695625,,5.739428204234972,,,0.024170361413408573
VLTO,87.09,,25.61,,15.55,,4.28,,19.045258145884272,,8.055336692519822,,,0.024168122172958932
CPRT,56.55,,30.4,,8.01,,13.39,,29.5290576286176,,14.991642686062916,,,0.024009136101034525
ACN,333.0,,30.22,,8.23,,3.46,,17.82094021636957,,10.377260919549354,,,0.023986743696538134
NDSN,271.13,,31.67,,5.69,,5.85,,21.087919090193747,,11.777194871156048,,,0.023823279143714453
RMD,188.76,,31.3,,6.19,,6.16,,22.261624133212774,,11.439097691069165,,,0.02379864749876842
AME,182.22,,32.14,,4.83,,6.39,,22.02093398252893,,18.88679514398408,,,0.02375386268977563
WMT,59.85,,31.34,,5.75,,0.7441,,13.361590457712596,,3.287051221580803,,,0.02362846522459582
TJX,96.81,,25.08,,15.02,,2.02,,15.817956105014051,,6.574769533136604,,,0.02357472345380447
ICE,137.87,,32.9,,3.07,,7.97,,19.44005919563538,,10.16465985206503,,,0.023476196874020333
HUBB,417.08,,29.71,,7.78,,4.17,,20.351717342198285,,12.80753696626238,,,0.02344260826727574
DOC,18.63,,33.51,,2.08,,6.06,,13.372164363358278,,6.061168875971285,,,0.02344260826727574
WAB,150.5,,33.15,,2.54,,2.75,,18.648107087468983,,10.210852114470107,,,0.023406780420081506
PAYX,122.38,,26.66,,11.76,,8.45,,18.589767160217185,,11.537996114365187,,,0.023176138653768642
PFG,84.51,,33.14,,1.83,,1.37,,10.31634708415278,,1.366554405511946,,,0.02308209055488378
GPN,125.92,,33.4,,1.4,,3.33,,12.79856758168146,,7.984867247757596,,,0.023064176631286668
NSC,250.03,,31.1,,4.82,,5.06,,14.657559722697057,,6.348474164198749,,,0.023050741188588828
PEP,169.14,,25.78,,12.56,,2.54,,16.224604164993,,5.375811071486186,,,0.022943257647006134
HLT,211.69,,49.0,,-22.62,,5.22,,25.63313695228216,,6.793034974158786,,,0.022786510815531374
IEX,239.38,,30.49,,5.12,,5.53,,21.11650361809045,,13.06920242587601,,,0.022775314613283172
LHX,208.96,,32.45,,2.12,,2.05,,17.3317658568114,,10.226860471347546,,,0.022748443727887504
CCI,100.78,,29.13,,6.86,,6.27,,15.701772738330977,,13.31872024715057,,,0.022640960186304807
FI,157.38,,31.6,,3.1,,4.85,,14.406325588457186,,10.030071557821936,,,0.022616328541358772
BALL,66.47,,29.81,,5.57,,1.5,,13.534125724202626,,10.807024735580525,,,0.022520041202024273
TSCO,252.49,,25.02,,12.68,,1.87,,15.287925872921498,,5.47383363340365,,,0.02248645259527968
VRTX,406.67,,29.28,,5.98,,10.65,,21.01141975984673,,10.95806448448937,,,0.022347619687402034
GEHC,88.47,,29.29,,5.66,,2.06,,15.496518994437173,,5.977955320247412,,,0.022211026019974024
CBRE,96.14,,30.52,,3.56,,0.9199,,15.913236750377454,,5.039783459196685,,,0.022096824757042412
MMC,205.58,,27.3,,8.32,,4.46,,18.60974080683903,,4.906993144660451,,,0.02206547539074746
KEYS,157.23,,28.9,,5.7,,5.14,,18.706604376614543,,7.948415666666666,,,0.021966948810963324
AKAM,106.24,,30.18,,3.5,,4.22,,24.62896440468272,,8.158859534512574,,,0.021841551345783507
ROK,279.24,,26.59,,8.87,,3.51,,18.389911677721624,,9.446586323147647,,,0.021834833624434592
SPG,150.15,,21.51,,16.4,,8.64,,16.37379981740428,,12.860972545944078,,,0.021794527296341085
EXPE,131.79,,24.82,,11.24,,1.34,,8.430382120946538,,1.7076275519261497,,,0.02170719691880514
EXR,146.32,,30.87,,2.15,,12.09,,23.29674547450968,,16.358589431710413,,,0.021700479197456223
PH,566.67,,27.98,,6.44,,3.67,,18.530456775442435,,11.983665014976276,,,0.02168032603340947
NDAQ,62.04,,29.83,,3.3,,5.88,,21.530073328463715,,11.729606059820282,,,0.021516861480585785
PG,156.1,,26.64,,7.7,,4.38,,17.2636828793694,,9.300196033427172,,,0.021344439965963545
WY,34.59,,30.08,,2.47,,3.29,,17.589884829812917,,17.32844183293698,,,0.021313090599668592
ROST,139.53,,25.1,,9.64,,2.31,,16.342677831171997,,7.993778854742491,,,0.021178736172690227
MKC,75.47,,28.81,,3.87,,3.03,,18.94203699251601,,9.669846841545551,,,0.021086927314255002
JBHT,195.33,,28.02,,4.92,,1.57,,12.535027341362678,,1.7966311266741777,,,0.021026467822114737
NKE,88.84,,26.13,,7.57,,2.09,,15.674244978704523,,4.638885002888656,,,0.020943615925478075
AMAT,207.85,,24.45,,9.91,,6.52,,20.9997561072877,,13.732621991882986,,,0.02086300326929106
SCHW,71.89,,28.3,,4.01,,5.0,,16.523476019958526,,4.995695347752831,,,0.02080702225805007
ABNB,161.77,,22.34,,12.82,,10.56,,61.86405675608194,,11.76426304516679,,,0.02074880200635944
BRO,85.15,,27.92,,4.36,,5.71,,19.274292858651275,,6.431857469873858,,,0.020708495678265937
KO,59.51,,24.09,,9.89,,5.61,,17.720288257073566,,10.46338971366674,,,0.020612208338931435
GOOG,153.94,,26.36,,6.39,,5.89,,17.896534847011843,,9.832753744716046,,,0.020569662770388283
DPZ,493.2,,33.32,,-4.22,,3.83,,24.495952005313736,,12.766981891459908,,,0.020493528595100546
EQR,61.79,,29.01,,2.12,,8.16,,17.520647986206246,,10.737944660406324,,,0.02043754758385956
QCOM,171.53,,24.86,,8.3,,5.27,,17.940657398029646,,9.667748945671049,,,0.020417394419812798
GOOGL,152.5,,26.11,,6.39,,5.89,,17.896534847011843,,9.832753744716046,,,0.02040171973666532
BF.B,50.98,,25.36,,7.5,,4.48,,20.340729839700373,,7.2162833739038,,,0.020395002015316403
TFX,216.77,,28.79,,2.3,,3.43,,14.664397282162344,,7.1662756539284285,,,0.02037037037037037
CHRW,71.18,,26.17,,5.87,,0.4733,,15.91053452619982,,3.7481942392098926,,,0.020209145057996328
REG,58.8,,28.82,,1.6,,8.22,,17.12569078879438,,11.287499538740503,,,0.0200770298714676
CRL,253.1,,27.45,,3.62,,3.16,,20.41571026008976,,10.254364528842853,,,0.02006135518832012
UNP,242.01,,23.16,,9.98,,6.12,,15.7155632077193,,7.428061717649985,,,0.02002776658157553
REGN,942.7,,27.11,,3.92,,7.76,,20.12352983061413,,7.682880987845811,,,0.01996730708943526
TXN,167.5,,23.69,,9.02,,8.7,,18.09806723363286,,14.074084592522007,,,0.01995387164673743
SYY,76.67,,18.7,,15.88,,0.4924,,12.012533208383111,,3.454217335761043,,,0.019673966590532492
UDR,36.51,,27.25,,3.05,,7.39,,18.11884745150913,,10.949054143131097,,,0.01967172735008285
WTW,270.94,,27.23,,2.91,,2.92,,13.55667869535284,,3.322336949066751,,,0.01959559317479511
AVB,181.08,,27.65,,2.19,,9.3,,19.81153279806486,,12.049014552140262,,,0.0195552868467016
PPG,139.04,,25.99,,4.18,,1.79,,12.92652545707334,,4.957954104786029,,,0.01933136280173765
HON,197.15,,23.28,,8.1,,3.5,,16.833619341028708,,10.296996977463964,,,0.019266424828698104
JBL,140.47,,23.93,,7.07,,0.5356,,11.570855067348166,,6.637575707830286,,,0.019241793183752073
MAA,127.1,,26.99,,2.43,,6.9,,15.395965239868795,,8.99872278944811,,,0.019219400779255675
CBOE,180.93,,25.38,,4.79,,5.06,,16.29090347666149,,10.390334839937434,,,0.019194769134309644
IBM,189.14,,23.24,,7.69,,2.8,,15.270512451081434,,6.134026838221574,,,0.019055936226431994
MDT,84.56,,26.84,,2.17,,3.47,,16.478457815235423,,6.10050894695073,,,0.019002194455640647
PPL,27.22,,27.22,,1.44,,2.42,,12.25747738072122,,6.160781590449634,,,0.01893053876125218
EXPD,117.35,,23.42,,6.97,,1.79,,15.021478118831826,,4.663131671446747,,,0.018854404585964442
DUK,95.91,,27.02,,1.57,,2.55,,12.29268722616088,,7.908648522934833,,,0.018854404585964442
FFIV,192.42,,25.09,,3.96,,4.03,,14.45873144834925,,4.702400845385615,,,0.018628241300550852
CPAY,306.2,,23.2,,6.74,,5.88,,13.764543214186649,,7.30254098297398,,,0.01860360965560482
CPT,96.62,,26.26,,2.11,,6.82,,15.548974616888616,,9.061293680979643,,,0.018585695732007704
RCL,136.02,,22.67,,7.39,,2.51,,12.324829384513569,,6.12525508167964,,,0.018538671682565275
AOS,87.54,,23.72,,5.76,,2.76,,12.424530120856767,,6.99298209994612,,,0.01851404003761924
ZBH,127.33,,26.09,,2.1,,3.54,,15.65655134936407,,5.934299969117204,,,0.01846701598817681
ALLE,132.31,,21.62,,8.79,,3.17,,15.86854510694864,,8.303016804299716,,,0.018460298266827893
KMX,81.49,,25.95,,2.13,,0.4832,,14.116401284189044,,5.179069955153348,,,0.01838640333198979
NXPI,241.01,,22.52,,7.15,,4.66,,17.415531935752078,,9.151627995895671,,,0.0183304223207488
LMT,455.38,,16.53,,16.02,,1.62,,12.552126452854717,,14.646344260296347,,,0.018278919790407095
GD,295.18,,24.56,,3.8,,1.92,,17.293655325567737,,13.239806864958034,,,0.01820054637466971
BIIB,203.87,,25.58,,2.0,,3.01,,17.146790504416664,,4.864699116430665,,,0.018079627390389177
DOV,175.84,,23.38,,4.73,,2.86,,16.164419700963176,,8.823658075044909,,,0.017824353979130278
HSY,193.74,,21.38,,7.07,,2.6,,11.202237927787616,,6.6819685114458,,,0.017528774239777868
AWK,118.52,,24.24,,2.36,,5.45,,15.911358576086956,,8.297656999527634,,,0.01734067804200815
CME,211.08,,23.82,,2.84,,13.62,,18.700632234407127,,13.6937071472871,,,0.017273500828518966
HRL,34.7,,23.93,,2.42,,1.57,,15.898717414648942,,10.600321967579651,,,0.017159299565587354
DVA,133.61,,18.01,,11.1,,0.9652,,8.936004565536935,,1.7476596453074251,,,0.017069729947601774
CAT,379.3,,18.85,,9.72,,2.82,,12.658499967046728,,7.906286584612851,,,0.017015988176810427
TMUS,161.11,,23.25,,2.95,,2.43,,9.881083373664952,,5.527645958403969,,,0.016939854001522685
PNR,83.57,,22.34,,4.31,,3.38,,18.374666540983608,,10.32909770010532,,,0.01693761476107304
APD,238.68,,22.75,,3.57,,4.27,,13.205496653726708,,16.58377644487193,,,0.016881633749832058
K,57.45,,20.82,,6.18,,1.5,,13.074127898445596,,5.8914468466028485,,,0.016753997044202606
MCHP,87.57,,20.46,,6.68,,5.54,,13.9008983077653,,9.211581981100768,,,0.01673608312060549
PKG,187.67,,22.03,,4.21,,2.16,,11.362275551751544,,10.939592748248868,,,0.016684580590263783
KVUE,20.25,,22.52,,3.46,,2.51,,14.59708612432087,,5.28454037753095,,,0.016677862868914865
GRMN,147.53,,21.99,,4.03,,5.41,,20.73260525055681,,8.76048138158475,,,0.016577097048681086
HSIC,72.52,,22.95,,2.55,,0.7553,,12.512769033732315,,2.9783047764827764,,,0.01655918312508397
DG,159.55,,21.13,,5.19,,0.9058,,12.597962930940035,,3.5422283859133663,,,0.01651887679699046
AMP,434.81,,18.34,,9.21,,2.71,,12.524139933333334,,2.707753912027833,,,0.016444981862152357
FSLR,174.6,,22.56,,2.79,,5.63,,14.361079153778958,,13.182848799742288,,,0.016404675534058846
EIX,70.82,,22.77,,1.97,,1.67,,10.28466257554806,,3.732895646529563,,,0.01617851224864526
DRI,156.35,,18.33,,8.56,,1.67,,11.44279646839509,,8.46747511162988,,,0.016147162882350304
TDY,416.86,,22.55,,2.14,,3.5,,18.15285311672488,,9.16125992949086,,,0.016106856554256796
URI,706.87,,20.04,,5.84,,3.31,,8.83599767389994,,7.1831043199804,,,0.016077746428411484
BLK,797.56,,21.84,,3.02,,6.64,,15.420531983026503,,6.6132400726804415,,,0.016024004657620137
ODFL,224.57,,19.94,,5.74,,4.17,,12.257716052756388,,4.106224297802035,,,0.01596578440592951
AXP,222.46,,19.84,,5.74,,2.39,,13.075030270867163,,2.578947691676943,,,0.015898607192440326
UPS,151.36,,19.41,,6.37,,1.21,,10.104010952346686,,1.3893320541458696,,,0.015891889471091408
MOH,376.77,,20.06,,5.24,,0.6478,,13.064967457264958,,4.52667389968536,,,0.01582247301715258
CSX,36.3,,19.62,,5.86,,4.85,,12.3504675295601,,6.014712234836597,,,0.015804559093555468
OTIS,97.77,,28.84,,-8.05,,2.79,,19.19647955216285,,10.795444498926782,,,0.01576873124636123
ULTA,444.75,,17.09,,9.42,,1.92,,10.771249181916144,,4.725053044669147,,,0.01569931479242241
TGT,171.77,,19.21,,5.9,,0.7383,,11.27031847882295,,3.084564182672867,,,0.015547046441846927
AMCR,9.21,,20.87,,3.36,,0.9485,,10.646003726254,,7.497411117249155,,,0.015524654037350531
JCI,65.19,,21.23,,2.66,,1.66,,13.684701447043702,,6.000167789562669,,,0.015452998342962068
TXT,96.65,,21.2,,2.66,,1.36,,14.587307316557258,,8.779279337576822,,,0.015432845178915312
GE,156.3,,18.7,,6.24,,2.51,,28.08960742582328,,9.811049535929849,,,0.01535671100362757
RHI,75.3,,19.41,,4.98,,1.24,,15.369211789771816,,2.790167138769493,,,0.01526938062609163
INCY,55.24,,20.85,,2.39,,3.36,,11.9539743788397,,2.551656909621093,,,0.015076805947422636
CI,362.45,,20.84,,2.29,,0.5427,,13.2200944204732,,0.8610881865666947,,,0.015025303417080926
UNH,455.74,,19.1,,4.73,,1.13,,13.286519428461329,,1.4501918295098122,,,0.014949169241793186
ELV,507.35,,20.12,,3.0,,0.6936,,14.868156282450675,,0.9363333137147192,,,0.014859599623807607
CNP,28.05,,20.47,,1.84,,2.04,,11.49906167921544,,5.561281206854345,,,0.01457521608670339
KR,57.31,,19.23,,3.56,,0.2757,,8.31103204307989,,1.54966222095672,,,0.014512517354113486
SLB,55.03,,18.91,,3.89,,2.37,,10.807586586310268,,13.183839434709736,,,0.014445340140624301
RL,171.95,,19.63,,2.61,,1.02,,6.238226270064206,,1.4332090132989144,,,0.014355770522638723
FE,38.01,,19.8,,2.1,,1.7,,12.811969541609448,,5.672225328428988,,,0.014241569259707109
CMS,58.65,,19.49,,2.39,,2.35,,13.596177347646574,,7.238940764123983,,,0.014163195843969724
YUM,136.1,,24.3,,-4.87,,5.41,,19.940092714983717,,9.236678179554884,,,0.014143042679922968
AEP,83.95,,19.8,,1.75,,2.33,,12.5862588020455,,6.984541586423735,,,0.014084822428232344
MDLZ,67.99,,18.78,,3.27,,2.57,,18.595962651806826,,8.000965622202848,,,0.014080343947333067
KDP,30.77,,19.85,,1.66,,2.88,,14.39605911548288,,6.973536556683168,,,0.014078104706883424
HST,20.28,,19.5,,2.15,,2.69,,12.004160664819944,,4.978175761056864,,,0.014062430023735948
NVR,7907.89,,17.07,,5.79,,2.61,,11.701094588989555,,8.768654763212082,,,0.01406019078328631
SO,69.91,,19.31,,2.43,,3.03,,13.213563088328378,,7.739892271333071,,,0.01406019078328631
D,48.57,,19.58,,1.58,,2.83,,13.506679442779726,,8.375262583909864,,,0.013860898383268394
BLDR,204.14,,17.1,,5.26,,1.46,,10.242013798757696,,4.658382166060635,,,0.01384298445967128
SWKS,105.48,,18.7,,2.71,,3.64,,15.718095888609012,,8.525567747697602,,,0.013775807246182095
WEC,80.28,,19.02,,2.16,,2.85,,12.49166359150938,,7.73055599091515,,,0.013744457879887142
ETSY,64.98,,29.67,,-14.16,,2.8,,20.349714439220957,,4.656302809498557,,,0.013589950288862021
NEE,64.18,,17.83,,2.78,,4.69,,13.42666820049127,,8.926420227920731,,,0.013222714855121142
OXY,69.25,,17.76,,2.8,,2.17,,5.350049137343089,,3.170107871564377,,,0.013184647767477273
ATO,116.23,,18.48,,1.56,,4.44,,14.024212011893791,,8.558630337291191,,,0.013112992073088808
RVTY,102.28,,18.43,,1.6,,4.59,,20.387887023763845,,9.697193587544511,,,0.013097317389941332
FOXA,31.02,,18.57,,1.38,,0.9703,,6.657601814868278,,1.267308829360445,,,0.013092838909042052
TRV,230.89,,18.05,,2.12,,1.28,,12.925205502321036,,1.2789591461415724,,,0.013074924985444936
BKR,34.31,,17.96,,2.23,,1.35,,10.119195342098202,,7.182296903446963,,,0.01306372878319674
NI,27.19,,18.37,,1.57,,2.21,,10.907608205837034,,6.059446707535057,,,0.013043575619149985
WRB,87.26,,17.28,,3.0,,1.84,,12.913697422387228,,1.8435766415837749,,,0.012951766760714765
GPC,149.99,,16.08,,4.75,,0.9057,,11.306494605693604,,2.860600391379613,,,0.01292937435621837
CPB,43.3,,16.98,,3.35,,1.39,,13.52573873275862,,5.976053539819945,,,0.012906981951721977
PYPL,65.15,,16.97,,3.32,,2.35,,10.877656655585106,,2.198111667058547,,,0.01288682878767522
KIM,18.51,,18.15,,1.31,,7.0,,15.211254361543729,,10.643255141863856,,,0.012779345246092526
MS,92.47,,17.85,,1.67,,1.57,,9.41024702371025,,1.5807035126173403,,,0.012739038917999015
DGX,130.63,,17.37,,2.3,,1.57,,12.987650501739736,,6.113086724860793,,,0.012698732589905505
GIS,69.79,,16.01,,4.2,,1.96,,12.045683947386866,,7.395172260470453,,,0.012636033857315598
LNT,48.85,,17.57,,1.85,,3.11,,13.069940067261903,,9.114777630967206,,,0.01263155537641632
CTSH,71.13,,16.9,,2.68,,1.83,,9.70165911730546,,4.995143369711466,,,0.012553181960678938
GS,408.07,,17.84,,1.25,,1.22,,8.491810105418404,,1.2331667622124964,,,0.012544224998880379
HII,286.08,,16.76,,2.77,,0.9893,,13.240279731150794,,8.108263650668286,,,0.012499440189887592
KMI,18.46,,17.42,,1.35,,2.67,,9.95128571483097,,7.022184686802617,,,0.012306865511218595
NTRS,86.78,,17.08,,1.61,,1.46,,8.433253862532153,,1.464172441200794,,,0.012194903488736619
PRU,115.71,,17.12,,1.49,,0.7696,,12.868615241635688,,0.7695564941921859,,,0.012168032603340947
UHS,173.43,,16.95,,1.69,,0.7296,,8.726034898607452,,1.0652000265929589,,,0.012143400958394912
GILD,69.58,,15.46,,3.79,,3.19,,9.072022333130487,,5.061377092734504,,,0.012082941466254648
FOX,28.45,,17.04,,1.38,,0.9703,,6.657601814868278,,1.267308829360445,,,0.012065027542657529
LYB,104.78,,16.17,,2.63,,0.8272,,8.229210345919372,,7.9584508575504,,,0.012040395897711498
KEY,15.06,,17.05,,1.15,,1.34,,10.794228523183923,,1.40974280470327,,,0.011968740203323032
XEL,53.53,,16.68,,1.69,,2.09,,11.01133669256557,,6.629287470972337,,,0.011962022481974114
AEE,72.71,,16.64,,1.71,,2.58,,12.17622476910017,,6.723979363397713,,,0.011944108558376998
BBY,79.61,,14.02,,5.62,,0.3946,,6.361566524330441,,1.756171285639904,,,0.011935151596578441
RJF,128.29,,16.1,,2.5,,1.99,,11.058207257731958,,2.0079485286409584,,,0.011935151596578441
WMB,39.23,,15.09,,3.87,,4.38,,10.582326984145626,,7.989228794857586,,,0.011870213623538895
SNA,292.76,,15.61,,3.05,,3.03,,11.114182212527489,,5.980937038097419,,,0.01185229969994178
CSCO,48.55,,14.76,,4.25,,3.43,,11.21900748257422,,4.966045402786091,,,0.011818711093197189
DTE,109.1,,16.12,,2.04,,1.77,,11.218852489141677,,6.689459137968244,,,0.011742576917909444
PNW,72.76,,16.5,,1.34,,1.76,,10.676949326087938,,5.952672467583819,,,0.011684356666218818
FDX,273.52,,15.67,,2.55,,0.7691,,7.902394935315698,,0.9353132840459812,,,0.011668681983071342
EVRG,52.2,,16.47,,1.24,,2.18,,10.612406805984026,,6.257073360492351,,,0.011619418693179272
HUM,313.11,,15.66,,2.32,,0.3551,,10.527967743709029,,0.4680350410814672,,,0.011558959201039005
MGM,46.53,,14.59,,3.87,,0.9126,,7.783730540547948,,2.3882052421811597,,,0.011534327556092974
PCG,16.81,,16.01,,1.43,,1.47,,11.941020300775191,,4.568409724086798,,,0.011395494648215326
EXC,37.34,,15.96,,1.45,,1.72,,10.757516845059184,,5.997758353700133,,,0.011370863003269291
COP,133.52,,14.74,,3.19,,2.8,,6.8493529007803335,,4.958293194842827,,,0.01133055667517578
TROW,116.64,,15.03,,2.74,,4.04,,9.3266909542708,,4.037740411732838,,,0.011323838953826862
CAG,31.09,,15.7,,1.62,,1.23,,11.475554348740523,,7.084081906458528,,,0.011272336423485152
OMC,92.62,,13.4,,5.05,,1.24,,8.00556868759502,,1.3260881634472714,,,0.011263379461686597
ON,69.32,,14.18,,3.83,,3.61,,11.511127180170377,,7.898468030642461,,,0.0112409870571902
HAL,41.24,,14.12,,3.89,,1.59,,8.169780671083398,,9.616356514678898,,,0.011227551614492366
KHC,37.06,,16.04,,0.9097,,1.69,,10.279829872316384,,7.134611926842931,,,0.011182632451072594
PCAR,122.21,,13.95,,4.03,,1.82,,8.060791374466909,,6.752100730318585,,,0.011176049084150656
VZ,42.12,,15.26,,1.92,,1.32,,7.036076720149495,,4.1181604473428,,,0.011111111111111112
OKE,79.65,,14.53,,2.82,,2.63,,13.039011658527206,,11.79817321433542,,,0.011023780733575171
AIG,77.71,,15.6,,1.18,,1.13,,6.595651040383896,,1.1306548501559763,,,0.011008106050427695
AIZ,179.85,,15.05,,1.94,,0.8398,,9.318358727073363,,0.8397874047755938,,,0.010978995924582383
LKQ,51.47,,14.75,,2.23,,0.9903,,10.28078659767442,,3.1718301252017937,,,0.01090734023019392
TAP,67.35,,15.41,,1.02,,1.15,,8.893894904290429,,4.317879301409998,,,0.01080881365040978
TEL,144.65,,13.76,,3.42,,2.81,,13.392469997209044,,9.24214560862866,,,0.010775225043665189
SRE,70.52,,14.72,,1.6,,2.67,,10.160206395796848,,6.244346090081139,,,0.010605042769492588
C,61.6,,15.36,,0.6281,,0.7508,,6.464363618760616,,0.7969326714085002,,,0.010599713377222446
VRSN,187.82,,23.77,,-11.99,,12.69,,18.96701253948502,,15.291586664608737,,,0.010598325048143667
CNC,72.78,,14.7,,1.51,,0.2528,,11.94432789604377,,0.3773021315651278,,,0.01055130099870124
BMY,51.32,,13.3,,3.53,,2.31,,7.627030347639485,,3.832519956109929,,,0.01051547315150701
BWA,34.61,,14.73,,1.36,,0.5601,,5.4713989452789695,,3.971451570872274,,,0.010504276949258814
SBUX,86.85,,23.22,,-11.41,,2.68,,14.80269095118865,,2.9973361136097254,,,0.010488602266111334
CVX,161.6,,14.21,,1.86,,1.52,,6.423770616932999,,4.0241864232536,,,0.010378879484079
DE,412.54,,11.98,,5.2,,1.89,,8.408211506070838,,4.9641116369613165,,,0.010376640243629363
BK,56.74,,14.66,,1.17,,1.26,,10.30589136743064,,1.2681208727067623,,,0.010372161762730082
PXD,272.78,,13.51,,2.75,,3.29,,7.331550053224594,,3.526515688345205,,,0.010307223789690538
XOM,121.37,,13.65,,2.35,,1.42,,6.555953212436823,,1.4536239633734185,,,0.010222132652604236
BEN,27.05,,14.31,,1.19,,1.81,,8.354009728399676,,1.703291058119745,,,0.010145998477316495
LW,79.78,,10.64,,6.55,,1.76,,8.680510095254295,,8.707664460812195,,,0.01008106050427695
EMN,99.83,,13.33,,2.15,,1.27,,10.068018526051477,,7.781830913148957,,,0.009917595951453266
JNJ,152.39,,11.1,,5.34,,4.31,,12.667633144566876,,6.3753171961744535,,,0.009848179497514443
PEG,66.52,,12.97,,2.14,,2.95,,11.04908458285004,,6.687348673185408,,,0.009671279501992924
CTRA,28.32,,13.3,,1.63,,3.6,,5.9501240481099655,,3.806107418667569,,,0.009664561780644006
AZO,3104.94,,21.76,,-11.12,,3.02,,14.811933630155986,,6.578859380272081,,,0.009637690895248331
HIG,103.24,,12.95,,2.05,,1.25,,5.892325745440584,,1.2514015088677783,,,0.009617537731201576
STT,75.8,,13.58,,1.05,,1.25,,8.905573028015564,,1.249308006659389,,,0.009592906086255543
GEN,22.15,,10.21,,5.83,,3.72,,16.659545320466133,,7.472576192420777,,,0.00946974786152537
USB,43.03,,13.16,,1.38,,1.65,,7.878552471915394,,1.7483241163002947,,,0.009458551659277174
JPM,197.45,,12.17,,1.89,,2.38,,8.227668426017013,,2.4716079714912755,,,0.009021899771597473
ED,89.65,,12.43,,1.46,,2.11,,12.437178881017882,,4.9269797728635005,,,0.009003985848000357
TPR,42.93,,10.87,,3.7,,1.46,,7.335547417578437,,2.0822700983154734,,,0.008959201039007568
FANG,204.32,,11.78,,2.19,,4.33,,6.666262636078431,,5.052000036257727,,,0.008894263065968022
CZR,42.91,,11.79,,2.04,,0.8051,,8.735104336828309,,5.433625150008153,,,0.008833803573827757
HPE,18.0,,12.41,,1.09,,0.8333,,11.406118143459915,,3.1006499713247946,,,0.008824846612029199
PNC,157.37,,12.31,,1.22,,1.96,,9.003748394218324,,2.01037452103404,,,0.00881588965023064
F,13.28,,12.3,,1.22,,0.2956,,2.998607393933098,,1.6885804828594828,,,0.008809171928881723
IPG,31.46,,11.04,,3.02,,1.09,,7.281585515071784,,1.169073857456402,,,0.008768865600788213
DHI,158.52,,11.4,,2.27,,1.46,,8.722575922641848,,5.698967587459133,,,0.008674817501903354
L,76.66,,12.19,,1.08,,1.08,,6.036719841511414,,1.4539555909751627,,,0.008672578261453713
EBAY,52.06,,10.03,,4.22,,2.67,,13.08617737003058,,3.527281219947795,,,0.008627793452460925
LEN,166.22,,11.64,,1.72,,1.3,,8.0363646627709,,7.191631100498997,,,0.008589726364817054
CB,252.9,,11.6,,1.73,,2.06,,10.34183750926672,,2.0644166641600483,,,0.00856733396032066
BAC,37.11,,11.97,,1.11,,1.7,,9.632606621533602,,1.748000863716138,,,0.008538223834475347
DFS,125.86,,11.18,,2.29,,1.53,,7.361366429271708,,2.161783231628736,,,0.008535984594025707
NUE,200.97,,11.16,,2.3,,1.39,,6.468402759652645,,6.134855620154295,,,0.008527027632227149
WFC,57.4,,11.88,,1.22,,1.76,,7.282015042462465,,1.8484386515494675,,,0.008527027632227149
VICI,29.32,,11.87,,1.21,,8.47,,14.222782639879227,,13.579411150063091,,,0.008515831429978951
CF,85.11,,10.81,,2.79,,2.41,,5.426176598331729,,6.645733774852652,,,0.008511352949079672
PSX,170.75,,11.05,,2.39,,0.4956,,7.258189771223725,,4.6128007690156885,,,0.008493439025482557
COF,143.52,,12.01,,0.9398,,1.1,,8.91037379973886,,1.3977638453325822,,,0.008488870974965292
MRO,29.69,,11.6,,1.51,,2.65,,5.056879697589814,,3.986405612116867,,,0.008468807380536523
AFL,85.42,,10.98,,2.24,,2.71,,8.086765507732807,,2.713895464413892,,,0.008379237762550944
CVS,74.58,,11.53,,1.23,,0.2623,,7.593470480516741,,1.0236864873185574,,,0.008296385865914281
CMCSA,40.9,,11.02,,1.96,,1.33,,6.580407155106926,,2.080558765406508,,,0.008280711182766805
EOG,135.94,,10.46,,2.78,,3.25,,5.810484151935166,,3.18441834120626,,,0.008271754220968248
GL,108.45,,10.77,,2.27,,1.85,,6.458561730068219,,1.849794099951589,,,0.008251601056921493
LOW,239.32,,18.13,,-9.1,,1.59,,12.929646906358297,,5.950219561607267,,,0.008103811187245284
FITB,35.3,,10.96,,1.41,,1.9,,7.977938824150446,,1.9941557460003296,,,0.007994088405212952
STLD,147.27,,10.06,,2.62,,1.24,,7.600668708278118,,5.983828595389436,,,0.007931389672623048
HBAN,13.6,,10.97,,1.16,,1.82,,8.013002844372206,,1.8897939626257787,,,0.007888844104079897
CHTR,267.49,,8.92,,3.89,,0.79,,6.612989691868692,,2.5675940345926347,,,0.007734336513054772
PHM,116.35,,9.93,,2.36,,1.53,,7.241636280839208,,5.23450058110154,,,0.007727618791705853
CINF,121.52,,10.42,,1.57,,1.9,,7.997040614321608,,1.907213920603216,,,0.007702987146759819
MPC,219.13,,9.27,,3.24,,0.5287,,5.454410769313792,,4.620317928158984,,,0.0076783555018137845
CFG,33.98,,10.86,,0.6977,,1.28,,6.211091488835725,,1.3545580394782608,,,0.007607908997268127
DVN,53.27,,9.12,,2.8,,2.22,,5.277659431939979,,2.5817571110237254,,,0.007380536522011733
AAL,13.76,,12.07,,-1.73,,0.1707,,5.779069817875778,,0.6504026253694022,,,0.007333512472569304
CE,162.62,,9.07,,2.56,,1.66,,20.23008049730458,,11.533399714944297,,,0.007239464373684447
ADM,63.46,,9.87,,1.34,,0.3444,,6.944066922357508,,5.237858012644749,,,0.007230507411885888
ETR,104.23,,9.39,,1.52,,1.83,,10.777395022967792,,5.796183784732882,,,0.006988669443324825
RF,20.15,,9.55,,1.17,,2.02,,6.496530023508772,,2.152919833372093,,,0.0069394061534327565
ALB,123.45,,9.24,,1.54,,1.51,,7.215954101829946,,14.99717494849942,,,0.006896860584889605
MOS,32.95,,9.41,,0.8624,,0.7739,,5.939911194150064,,6.338663940559124,,,0.006707599982086077
BAX,42.62,,8.12,,2.58,,1.46,,19.844680224615384,,6.481930726633166,,,0.006610237807335752
T,17.42,,8.89,,1.21,,1.02,,5.658019798851594,,3.52964028832031,,,0.006513950468001254
PM,89.48,,17.82,,-12.39,,3.95,,13.352949027729384,,8.255923244288857,,,0.006422141609566035
ACGL,94.9,,8.17,,2.03,,2.61,,9.716511381277291,,2.6112144419099312,,,0.006397509964620001
EQT,36.48,,8.69,,1.09,,2.33,,5.115938312543952,,3.1525771759216306,,,0.006325854270231537
MTB,138.71,,8.79,,0.9265,,1.81,,6.278727707416463,,1.909608914401388,,,0.00631980832101751
BG,106.86,,8.28,,1.5,,0.2502,,5.6578658052190125,,4.1307938369244726,,,0.006234045411796318
CMA,52.64,,8.2,,1.16,,1.32,,5.665520772542648,,1.3396573321167884,,,0.006028035290429485
VLO,183.39,,7.35,,2.29,,0.4174,,4.568897127412597,,3.0683414031089997,,,0.00596309731738994
SYF,41.28,,7.95,,1.28,,0.7508,,4.995390806365259,,1.0238054066691051,,,0.005913834027497872
APTV,74.73,,7.27,,1.76,,1.02,,14.642180115610328,,7.25509593399244,,,0.005671996058936809
DAL,46.06,,6.42,,2.67,,0.5105,,5.250687207999083,,0.7893036207449008,,,0.005508531506113127
EMR,114.54,,5.96,,3.16,,4.11,,24.102187845303867,,9.602800984073546,,,0.005418961888127547
BBWI,45.49,,11.88,,-6.29,,1.38,,8.709486787001287,,4.182491491656366,,,0.005163688476868647
EG,379.86,,6.23,,1.25,,1.13,,7.646832631090487,,1.1296993432508398,,,0.004744950512786063
FMC,58.74,,5.59,,1.66,,1.63,,11.538469139886578,,6.00050809120699,,,0.004498634063325719
APA,35.74,,3.87,,4.06,,1.3,,3.097680761746929,,1.914909560925636,,,0.004418021407138699
GM,44.23,,6.04,,0.7943,,0.2971,,1.892715973599188,,1.343982180256948,,,0.00441322943257647
UAL,43.19,,5.47,,1.52,,0.2637,,3.718227276209935,,0.5420525680883147,,,0.004355322674548793
ORLY,1117.56,,29.05,,-37.93,,4.17,,19.818799838517545,,8.791977576136027,,,0.0025281024676429772
MCK,538.75,,24.37,,-34.48,,0.2348,,16.535018610668438,,6.069153796652856,,,0.0009292847866003828
BRK.B,418.62,,0.01,,1.61,,2.44,,14.659008481599336,,5.675366834263049,,,0.0007277531461328319
BKNG,3601.9,,30.68,,-44.85,,5.76,,19.637708409678435,,5.831107987409315,,,0.0005239822652156369
MMM,91.03,,-7.21,,10.48,,1.54,,-8.448313343344042,,4.258059365319628,,,-0.00015002911012584452
HAS,56.42,,-5.26,,7.37,,1.57,,14.863839764966128,,3.260551148515452,,,-0.0002328810067625058
MSCI,542.39,,37.69,,-58.09,,16.99,,30.930690164843583,,22.578505609797443,,,-0.0006964037798378869
WBA,19.13,,-2.73,,1.22,,0.1141,,36.05086423361824,,0.941717150107911,,,-0.0012875632585427023
HPQ,29.11,,8.59,,-17.41,,0.5379,,7.807581956125109,,3.1022790477259,,,-0.002026512606923732
MCD,266.69,,23.07,,-40.91,,7.55,,18.48411335160975,,8.978901114196841,,,-0.0028236822069953853
MO,41.65,,9.11,,-20.21,,2.92,,7.800210625103631,,5.151171122912674,,,-0.0029311657485780835
FIS,72.44,,-6.43,,2.19,,4.25,,14.194401390364275,,16.43013545048966,,,-0.0033387075104124673
CTLT,56.75,,-7.9,,2.78,,2.5,,99.5553844768212,,20.45287490612245,,,-0.004061982175646021
WBD,8.32,,-6.5,,0.4488,,0.4912,,8.47826423608959,,3.5836378572194105,,,-0.004165524654037351
MRNA,102.88,,-8.34,,2.84,,5.75,,-8.668229542012162,,14.55297191786543,,,-0.004330691029602759
WRK,48.9,,-7.29,,1.24,,0.6269,,7.500704785311552,,5.799991615661943,,,-0.004341887231850957
IFF,83.34,,-8.29,,1.46,,1.85,,24.361114634340225,,8.325531706058136,,,-0.004915132786958662
WDC,73.11,,-10.14,,2.18,,2.12,,-28.86952034660194,,30.68689985242518,,,-0.005835460611760491
NEM,39.65,,-13.35,,1.57,,3.87,,18.10316189058701,,10.193429118521417,,,-0.008265036499619328
PARA,11.97,,-12.84,,0.3672,,0.279,,10.056467816748768,,0.6884739534601376,,,-0.008461104393389762
BIO,324.59,,-14.88,,1.09,,3.56,,17.178332062105333,,6.382780389727432,,,-0.009507814949169241
ILMN,127.75,,-17.38,,3.54,,4.52,,-670.3185623870968,,7.08002570153322,,,-0.010090017466075506
WYNN,107.46,,16.61,,-47.91,,1.84,,12.36667228260635,,7.0943668272675895,,,-0.010298266827891981
HCA,328.8,,17.34,,-49.02,,1.34,,9.871194346063175,,1.9335799046915405,,,-0.0103049845492409
TTWO,151.04,,-17.62,,3.03,,4.77,,-22.32001559987211,,13.991668261849885,,,-0.010479645304312779
MHK,122.36,,-17.73,,1.02,,0.7,,8.07818068727807,,3.6379228771812766,,,-0.011453714899905954
IVZ,16.65,,-22.76,,0.7064,,1.31,,14.96632207083632,,2.557658671716465,,,-0.014973173899413321
TSN,59.05,,-23.81,,0.9316,,0.3194,,16.101563196279667,,10.097480701126308,,,-0.015577679251197993
DLTR,130.71,,-28.73,,3.9,,0.931,,-765.5382422303921,,3.347045616386978,,,-0.0175534058847239
FTNT,70.91,,48.57,,-116.76,,10.2,,39.00912995258908,,12.945821743288423,,,-0.019662770388284304
STX,89.99,,-25.64,,-10.39,,2.91,,66.48703222128852,,20.93110273633157,,,-0.02187737919297774
MU,123.58,,-36.13,,3.12,,7.47,,39.73184143530733,,-2399.3991700677966,,,-0.02287384119306731
TFC,38.09,,-34.94,,0.9696,,1.53,,7.293338283787661,,1.632609687445804,,,-0.023037484885126965
SWK,95.41,,-46.09,,1.62,,0.9299,,22.602095149435,,5.454248043273274,,,-0.030236463791481934
ES,58.51,,-46.44,,1.45,,1.72,,14.61714527985568,,7.003602187716538,,,-0.030547718213981813
MAR,253.93,,24.94,,-107.59,,3.09,,20.600054110383308,,3.580880657993505,,,-0.031429978951139775
QRVO,115.09,,-53.78,,3.05,,3.21,,61.54171738642737,,9.882635825707904,,,-0.034761968740203326
BA,183.14,,-49.9,,-6.48,,1.44,,142.40784754230768,,19.1745418751942,,,-0.03642348515383582
NRG,72.77,,-64.97,,6.93,,0.5421,,274.8747315106383,,12.628653353861193,,,-0.040541448340722826
MAS,76.9,,19.13,,-134.62,,2.13,,12.755215183322305,,6.795885099435825,,,-0.04743830892561243
MTD,1300.84,,36.24,,-185.56,,7.34,,25.899323962406328,,13.310808024946391,,,-0.05875766939854002
SJM,117.22,,-120.18,,1.65,,1.52,,13.362950801173694,,6.995858397395224,,,-0.07999462582292087
ALL,172.82,,-144.02,,2.88,,0.7963,,6.113125004706199,,0.7962887634427436,,,-0.09545882036813114
MTCH,33.71,,14.28,,-462.18,,2.69,,11.69902616924225,,4.981675189276869,,,-0.19739352411661967
VTR,43.09,,-426.63,,1.83,,3.87,,13.80272208670035,,3.8708611476163934,,,-0.28577858390433963
LYV,103.52,,75.56,,-1393.31,,1.05,,15.511436936643094,,4.444513223886061,,,-0.5732321196650098
AON,318.99,,,,,,,,,,,,,
FRT,99.69,,,,,,,,,,,,,
GEV,122.7,,,,,,,,,,,,,
J,147.92,,,,,,,,,,,,,
PSA,282.57,,,,,,,,,,,,,
SOLV,70.06,,,,,,,,,,,,,
